dataset,train_mode,seed,variant,lambda_ortho,time_sec,best_val_acc,test_acc,test_ortho_corr,test_w_mean,test_w_min,test_w_max,test_ess_frac,stress_bias_0.0,stress_bias_1.0,stress_bias_2.0,stress_bias_3.0,stress_bias_4.0,corr_w_deg,corr_w_invdeg,corr_w_meandist,corr_w_invmeandist,feature_stability_cos
ModelNet40,train_clean,43,umc,0.01,3138.4338569641113,0.7926829268292683,0.7649918962722853,0.0019365591726983116,0.9999999988463617,0.21890555372641932,1.4939146164924868,0.8761005343929413,0.7694489465153971,0.6539708265802269,0.46961102106969205,0.3395461912479741,0.2816045380875203,0.21015003922566394,-0.2149009386626858,-0.13387787489136826,0.10200380527603556,0.744580335021019
