dataset,train_mode,seed,variant,lambda_ortho,time_sec,best_val_acc,test_acc,test_ortho_corr,test_w_mean,test_w_min,test_w_max,test_ess_frac,stress_bias_0.0,stress_bias_1.0,stress_bias_2.0,stress_bias_3.0,stress_bias_4.0,corr_w_deg,corr_w_invdeg,corr_w_meandist,corr_w_invmeandist,feature_stability_cos
ModelNet40,train_clean,43,umc,1.0,3108.1696560382843,0.7886178861788617,0.7645867098865479,0.0016431564407426893,0.9999999996154539,0.2716117899264059,1.4453766146013813,0.890774045836541,0.7726904376012966,0.6608589951377634,0.4598865478119935,0.34359805510534847,0.27188006482982174,0.2041406377722524,-0.20970531048888005,-0.14070616029421218,0.11007385398297628,0.7393075980991125
