dataset,train_mode,seed,variant,lambda_ortho,time_sec,best_val_acc,test_acc,test_ortho_corr,test_w_mean,test_w_min,test_w_max,test_ess_frac,stress_bias_0.0,stress_bias_1.0,stress_bias_2.0,stress_bias_3.0,stress_bias_4.0,corr_w_deg,corr_w_invdeg,corr_w_meandist,corr_w_invmeandist,feature_stability_cos
ModelNet40,train_clean,41,meandist,0.0,3389.628140926361,0.75,0.7260940032414911,0.0005418153359524665,0.9999999988463617,0.6404665881587613,1.8753033691836942,0.959170994066423,0.7301458670988655,0.5457860615883307,0.37560777957860614,0.2771474878444084,0.22690437601296595,-0.2501181954401545,0.27923512473935264,1.0000000063329935,-0.9597717806696892,0.6790639542043209
