dataset,train_mode,seed,variant,lambda_ortho,time_sec,best_val_acc,test_acc,test_ortho_corr,test_w_mean,test_w_min,test_w_max,test_ess_frac,stress_bias_0.0,stress_bias_1.0,stress_bias_2.0,stress_bias_3.0,stress_bias_4.0,corr_w_deg,corr_w_invdeg,corr_w_meandist,corr_w_invmeandist,feature_stability_cos
ModelNet40,train_clean,43,umc,0.1,3144.374781370163,0.7723577235772358,0.7495948136142626,0.000493082759250331,0.9999999992309078,0.4077499241117508,1.242000380639107,0.9627362043626847,0.747163695299838,0.6397893030794165,0.4538087520259319,0.3565640194489465,0.29376012965964343,0.1479613181894365,-0.16363040814336074,-0.22237921928899596,0.1870061047065974,0.7534694633632898
