dataset,train_mode,seed,variant,lambda_ortho,time_sec,best_val_acc,test_acc,test_ortho_corr,test_w_mean,test_w_min,test_w_max,test_ess_frac,stress_bias_0.0,stress_bias_1.0,stress_bias_2.0,stress_bias_3.0,stress_bias_4.0,corr_w_deg,corr_w_invdeg,corr_w_meandist,corr_w_invmeandist,feature_stability_cos
ModelNet40,train_clean,41,umc,0.0001,3115.869923353195,0.7855691056910569,0.7532414910858996,0.00029431901348289104,1.0,0.6373730915208017,1.2142030569814866,0.9788502020220603,0.7455429497568882,0.6458670988654781,0.4692058346839546,0.35615883306320906,0.2824149108589951,-0.0824515906850138,0.081439618317836,-0.026440487172556003,0.0018689897781769104,0.7485167214274406
