dataset,train_mode,seed,variant,lambda_ortho,time_sec,best_val_acc,test_acc,test_ortho_corr,test_w_mean,test_w_min,test_w_max,test_ess_frac,stress_bias_0.0,stress_bias_1.0,stress_bias_2.0,stress_bias_3.0,stress_bias_4.0,corr_w_deg,corr_w_invdeg,corr_w_meandist,corr_w_invmeandist,feature_stability_cos
ModelNet40,train_clean,42,umc,0.0,3304.1929602622986,0.7865853658536586,0.7576985413290114,0.0005875043170113537,0.9999999984618156,0.5647599087607476,1.496227155962298,0.9591780477954496,0.7572933549432739,0.6649108589951378,0.473257698541329,0.33833063209076175,0.27836304700162073,-0.2843594311241759,0.29785522679921994,0.14062903062203985,-0.12231956657888077,0.7520287968218327
