dataset,train_mode,seed,variant,lambda_ortho,time_sec,best_val_acc,test_acc,test_ortho_corr,test_w_mean,test_w_min,test_w_max,test_ess_frac,stress_bias_0.0,stress_bias_1.0,stress_bias_2.0,stress_bias_3.0,stress_bias_4.0,corr_w_deg,corr_w_invdeg,corr_w_meandist,corr_w_invmeandist,feature_stability_cos
ModelNet40,train_clean,42,umc,0.01,3211.9088418483734,0.7754065040650406,0.7463533225283631,0.0007029938035561973,0.999999955392653,0.5207630632385131,1.4764181006339288,0.9514161340651973,0.7451377633711507,0.6491085899513777,0.4675850891410049,0.3573743922204214,0.29376012965964343,-0.2671121742692776,0.2738697255070292,0.13921811616764898,-0.13345458903204416,0.750582215487957
