dataset,train_mode,seed,variant,lambda_ortho,time_sec,best_val_acc,test_acc,test_ortho_corr,test_w_mean,test_w_min,test_w_max,test_ess_frac,stress_bias_0.0,stress_bias_1.0,stress_bias_2.0,stress_bias_3.0,stress_bias_4.0,corr_w_deg,corr_w_invdeg,corr_w_meandist,corr_w_invmeandist,feature_stability_cos
ModelNet40,train_clean,42,umc,0.001,3109.3832001686096,0.7530487804878049,0.7463533225283631,0.00039283857049961246,0.9999999992309078,0.5044072979880917,1.2289015931467857,0.9703564486195965,0.7613452188006483,0.656807131280389,0.46555915721231766,0.34521880064829824,0.293354943273906,0.004979231774632354,-0.010822939686840982,-0.11585577541627572,0.0762322359265454,0.7466907126456499
