dataset,train_mode,seed,variant,lambda_ortho,time_sec,best_val_acc,test_acc,test_ortho_corr,test_w_mean,test_w_min,test_w_max,test_ess_frac,stress_bias_0.0,stress_bias_1.0,stress_bias_2.0,stress_bias_3.0,stress_bias_4.0,corr_w_deg,corr_w_invdeg,corr_w_meandist,corr_w_invmeandist,feature_stability_cos
ModelNet40,train_clean,43,umc,1e-05,3455.5581250190735,0.7957317073170732,0.766612641815235,0.0017112801350923556,0.9999999976927234,0.25334894669152075,1.4620879857770859,0.8880265735810803,0.7572933549432739,0.6507293354943274,0.456645056726094,0.35696920583468394,0.28970826580226905,0.1839150780126147,-0.18828023108208072,-0.10662342679243011,0.07501203488500323,0.7404757701605559
