dataset,train_mode,seed,variant,lambda_ortho,time_sec,best_val_acc,test_acc,test_ortho_corr,test_w_mean,test_w_min,test_w_max,test_ess_frac,stress_bias_0.0,stress_bias_1.0,stress_bias_2.0,stress_bias_3.0,stress_bias_4.0,corr_w_deg,corr_w_invdeg,corr_w_meandist,corr_w_invmeandist,feature_stability_cos
ModelNet40,train_clean,41,umc,1000.0,3424.8663108348846,0.7754065040650406,0.7248784440842788,3.371782933696053e-05,0.9999999984618156,0.7821461093041204,1.167227433573815,0.9953193987569501,0.733387358184765,0.6337115072933549,0.4513776337115073,0.3253646677471637,0.2698541329011345,0.7923014383763075,-0.8124890679493546,-0.5822272871155292,0.5466597314924002,0.752680255100131
