dataset,train_mode,seed,variant,lambda_ortho,time_sec,best_val_acc,test_acc,test_ortho_corr,test_w_mean,test_w_min,test_w_max,test_ess_frac,stress_bias_0.0,stress_bias_1.0,stress_bias_2.0,stress_bias_3.0,stress_bias_4.0,corr_w_deg,corr_w_invdeg,corr_w_meandist,corr_w_invmeandist,feature_stability_cos
ModelNet40,train_clean,41,umc,1e-05,3116.179042339325,0.7672764227642277,0.752836304700162,0.0002954698093573473,0.9999999988463617,0.6835470314948789,1.2590955311252225,0.9797862337481591,0.7455429497568882,0.6414100486223663,0.4683954619124797,0.3492706645056726,0.2872771474878444,-0.08558121628020672,0.08764388940226127,0.01882314199610846,-0.047665609138493895,0.7430111910402775
