dataset,train_mode,seed,variant,lambda_ortho,time_sec,best_val_acc,test_acc,test_ortho_corr,test_w_mean,test_w_min,test_w_max,test_ess_frac,stress_bias_0.0,stress_bias_1.0,stress_bias_2.0,stress_bias_3.0,stress_bias_4.0,corr_w_deg,corr_w_invdeg,corr_w_meandist,corr_w_invmeandist,feature_stability_cos
ModelNet40,train_clean,42,umc,10.0,2801.8505103588104,0.7682926829268293,0.7483792544570502,0.0002764717598291745,0.9999999992309078,0.5842198798733372,1.2083361325725432,0.9799235036296229,0.7475688816855753,0.6353322528363047,0.4647487844408428,0.3209076175040519,0.27025931928687197,-0.04451263357514108,0.03694825358059006,-0.21798660671347533,0.1891437234575278,0.7555429930984974
