dataset,train_mode,seed,variant,lambda_ortho,time_sec,best_val_acc,test_acc,test_ortho_corr,test_w_mean,test_w_min,test_w_max,test_ess_frac,stress_bias_0.0,stress_bias_1.0,stress_bias_2.0,stress_bias_3.0,stress_bias_4.0,corr_w_deg,corr_w_invdeg,corr_w_meandist,corr_w_invmeandist,feature_stability_cos
ModelNet40,train_clean,42,cap,0.0,3818.752120256424,0.7123983739837398,0.692868719611021,4.392806649482208e-05,0.9999999996154539,0.7623201693257978,1.1651201017441288,0.9952082053307564,0.6961102106969206,0.5952188006482982,0.4189627228525122,0.2961912479740681,0.2508103727714749,0.70412702774629,-0.724753437936306,-0.6323559692595154,0.5992987567093223,0.9923034074902535
