dataset,train_mode,seed,variant,lambda_ortho,time_sec,best_val_acc,test_acc,test_ortho_corr,test_w_mean,test_w_min,test_w_max,test_ess_frac,stress_bias_0.0,stress_bias_1.0,stress_bias_2.0,stress_bias_3.0,stress_bias_4.0,corr_w_deg,corr_w_invdeg,corr_w_meandist,corr_w_invmeandist,feature_stability_cos
ModelNet40,train_clean,41,umc,100.0,3156.6508066654205,0.7865853658536586,0.7337925445705025,0.00012139920358857771,0.9999999996154539,0.6788881109606835,1.1443729800562705,0.9912104395128065,0.7382495948136143,0.6223662884927067,0.4282820097244733,0.31969205834683956,0.2662074554294976,0.2931819104109309,-0.3168688826257494,-0.5435697657318087,0.5077355774126773,0.7468892047181726
