dataset,train_mode,seed,variant,lambda_ortho,time_sec,best_val_acc,test_acc,test_ortho_corr,test_w_mean,test_w_min,test_w_max,test_ess_frac,stress_bias_0.0,stress_bias_1.0,stress_bias_2.0,stress_bias_3.0,stress_bias_4.0,corr_w_deg,corr_w_invdeg,corr_w_meandist,corr_w_invmeandist,feature_stability_cos
ModelNet40,train_clean,41,umc,10.0,3150.1248304843903,0.7815040650406504,0.7504051863857374,0.0003122831493871467,0.9999999996154539,0.5301922244410361,1.1681559608828638,0.9774683033266375,0.7431118314424635,0.6555915721231766,0.47366288492706643,0.35777957860615883,0.2901134521880065,0.031512508746163806,-0.04442380825394139,-0.18164139252896233,0.14344830627269403,0.744187076240778
