dataset,train_mode,seed,variant,lambda_ortho,time_sec,best_val_acc,test_acc,test_ortho_corr,test_w_mean,test_w_min,test_w_max,test_ess_frac,stress_bias_0.0,stress_bias_1.0,stress_bias_2.0,stress_bias_3.0,stress_bias_4.0,corr_w_deg,corr_w_invdeg,corr_w_meandist,corr_w_invmeandist,feature_stability_cos
ModelNet40,train_clean,41,umc,0.0,3183.931478500366,0.7754065040650406,0.7544570502431118,0.000354892881906351,0.9999999988463617,0.5481778821637554,1.2145166950841104,0.9742329847428106,0.7593192868719612,0.6349270664505673,0.46717990275526744,0.34683954619124796,0.2925445705024311,-0.030756907063368998,0.021399864231170795,-0.14273183658442576,0.10648012795754766,0.7492870079725981
