dataset,train_mode,seed,variant,lambda_ortho,time_sec,best_val_acc,test_acc,test_ortho_corr,test_w_mean,test_w_min,test_w_max,test_ess_frac,stress_bias_0.0,stress_bias_1.0,stress_bias_2.0,stress_bias_3.0,stress_bias_4.0,corr_w_deg,corr_w_invdeg,corr_w_meandist,corr_w_invmeandist,feature_stability_cos
ModelNet40,train_clean,43,umc,0.001,3228.302510499954,0.7733739837398373,0.7540518638573744,0.0006085262465808961,0.9999999996154539,0.34613938725763754,1.2582144629570746,0.9547269340484373,0.7504051863857374,0.6547811993517018,0.4574554294975689,0.34846029173419774,0.2978119935170178,0.10144751688758333,-0.11910470853326842,-0.20197656422305954,0.16707711444978485,0.7238211114704609
