dataset,train_mode,seed,variant,lambda_ortho,time_sec,best_val_acc,test_acc,test_ortho_corr,test_w_mean,test_w_min,test_w_max,test_ess_frac,stress_bias_0.0,stress_bias_1.0,stress_bias_2.0,stress_bias_3.0,stress_bias_4.0,corr_w_deg,corr_w_invdeg,corr_w_meandist,corr_w_invmeandist,feature_stability_cos
ModelNet40,train_clean,43,deg,0.0,3501.9941623210907,0.7591463414634146,0.7171799027552674,6.1847661424480945e-15,1.0,0.8638140659178457,1.5645954978081489,0.9819922189558706,0.7147487844408428,0.6166936790923825,0.42625607779578606,0.3233387358184765,0.2633711507293355,1.0000002047047019,-0.9855225099250674,-0.24850498632295057,0.24154109671435436,0.7354320311546325
