dataset,train_mode,seed,variant,lambda_ortho,time_sec,best_val_acc,test_acc,test_ortho_corr,test_w_mean,test_w_min,test_w_max,test_ess_frac,stress_bias_0.0,stress_bias_1.0,stress_bias_2.0,stress_bias_3.0,stress_bias_4.0,corr_w_deg,corr_w_invdeg,corr_w_meandist,corr_w_invmeandist,feature_stability_cos
ModelNet40,train_clean,43,invdeg,0.0,3446.4995856285095,0.7367886178861789,0.7151539708265803,0.00022055449625176768,0.999999911554398,0.6330442755453048,1.1393006147876863,0.9857605653424417,0.7179902755267423,0.619935170178282,0.43111831442463533,0.30510534846029175,0.26296596434359804,-0.9856587395071983,1.0000000117346644,0.2763577539240941,-0.2673184282146394,0.7418344710022211
