dataset,train_mode,seed,variant,lambda_ortho,time_sec,best_val_acc,test_acc,test_ortho_corr,test_w_mean,test_w_min,test_w_max,test_ess_frac,stress_bias_0.0,stress_bias_1.0,stress_bias_2.0,stress_bias_3.0,stress_bias_4.0,corr_w_deg,corr_w_invdeg,corr_w_meandist,corr_w_invmeandist,feature_stability_cos
ModelNet40,train_clean,42,umc,1.0,3211.9741883277893,0.7754065040650406,0.7576985413290114,0.0005644016023237078,1.0,0.4128174847652835,1.2845183118697137,0.9591135455716041,0.7585089141004863,0.660453808752026,0.476904376012966,0.3610210696920583,0.30226904376012964,-0.0720035316760459,0.059554503430126714,-0.08925130282914324,0.056739962091660344,0.7422028835862875
