dataset,train_mode,seed,variant,lambda_ortho,time_sec,best_val_acc,test_acc,test_ortho_corr,test_w_mean,test_w_min,test_w_max,test_ess_frac,stress_bias_0.0,stress_bias_1.0,stress_bias_2.0,stress_bias_3.0,stress_bias_4.0,corr_w_deg,corr_w_invdeg,corr_w_meandist,corr_w_invmeandist,feature_stability_cos
ModelNet40,train_clean,43,umc,10.0,2993.383548259735,0.7601626016260162,0.7305510534846029,0.0003325337693592789,0.9999999992309078,0.46853204456067854,1.220892765445094,0.9747092539264309,0.7341977309562399,0.6256077795786061,0.4351701782820097,0.32820097244732577,0.25972447325769854,0.08798115846834378,-0.1044467903982877,-0.3754469561055885,0.3423704640814321,0.7326669188588858
