dataset,train_mode,seed,variant,lambda_ortho,time_sec,best_val_acc,test_acc,test_ortho_corr,test_w_mean,test_w_min,test_w_max,test_ess_frac,stress_bias_0.0,stress_bias_1.0,stress_bias_2.0,stress_bias_3.0,stress_bias_4.0,corr_w_deg,corr_w_invdeg,corr_w_meandist,corr_w_invmeandist,feature_stability_cos
ModelNet40,train_clean,43,umc,0.0,3019.624960899353,0.790650406504065,0.7568881685575365,0.0016652113915751538,0.9999999996154539,0.2508404570000787,1.4603644140305059,0.8904061132861721,0.7504051863857374,0.6454619124797407,0.4821717990275527,0.35777957860615883,0.30226904376012964,0.2112757270100701,-0.2170290714224393,-0.15736695184350538,0.12775432781120344,0.7461338441818952
