dataset,train_mode,seed,variant,lambda_ortho,time_sec,best_val_acc,test_acc,test_ortho_corr,test_w_mean,test_w_min,test_w_max,test_ess_frac,stress_bias_0.0,stress_bias_1.0,stress_bias_2.0,stress_bias_3.0,stress_bias_4.0,corr_w_deg,corr_w_invdeg,corr_w_meandist,corr_w_invmeandist,feature_stability_cos
ModelNet40,train_clean,41,cap,0.0,3528.0095241069794,0.7408536585365854,0.723257698541329,4.5079107404754104e-05,0.9999999980772695,0.7684462920311959,1.140808190068891,0.9958859770528732,0.715964343598055,0.600486223662885,0.41572123176661263,0.29497568881685576,0.24351701782820098,0.6704283942468464,-0.6945859345607459,-0.7281526267528534,0.698100845888257,0.9923162290453911
