dataset,train_mode,seed,variant,lambda_ortho,time_sec,best_val_acc,test_acc,test_ortho_corr,test_w_mean,test_w_min,test_w_max,test_ess_frac,stress_bias_0.0,stress_bias_1.0,stress_bias_2.0,stress_bias_3.0,stress_bias_4.0,corr_w_deg,corr_w_invdeg,corr_w_meandist,corr_w_invmeandist,feature_stability_cos
ModelNet40,train_clean,43,umc,1000.0,3051.026348590851,0.7804878048780488,0.7358184764991896,3.7735995952501863e-05,0.9999999992309078,0.7298916043773774,1.1784856327118411,0.9944350704070061,0.7341977309562399,0.6357374392220422,0.4582658022690438,0.3358995137763371,0.2759319286871961,0.7959644323214888,-0.8162533788010478,-0.48659734674729405,0.4486440496519208,0.7342647315561771
