dataset,train_mode,seed,variant,lambda_ortho,time_sec,best_val_acc,test_acc,test_ortho_corr,test_w_mean,test_w_min,test_w_max,test_ess_frac,stress_bias_0.0,stress_bias_1.0,stress_bias_2.0,stress_bias_3.0,stress_bias_4.0,corr_w_deg,corr_w_invdeg,corr_w_meandist,corr_w_invmeandist,feature_stability_cos
ModelNet40,train_clean,43,umc,0.0001,3843.1591670513153,0.7815040650406504,0.7710696920583469,0.0016617612417546973,0.9999999984618156,0.25685365204849553,1.4640527040727678,0.8894686195158189,0.7609400324149108,0.6636952998379254,0.45502431118314424,0.35899513776337116,0.28322528363047,0.20707502394870972,-0.21257383338106592,-0.16065671559481415,0.13318688688523253,0.7503919497132301
