dataset,train_mode,seed,variant,lambda_ortho,time_sec,best_val_acc,test_acc,test_ortho_corr,test_w_mean,test_w_min,test_w_max,test_ess_frac,stress_bias_0.0,stress_bias_1.0,stress_bias_2.0,stress_bias_3.0,stress_bias_4.0,corr_w_deg,corr_w_invdeg,corr_w_meandist,corr_w_invmeandist,feature_stability_cos
ModelNet40,train_clean,41,umc,0.01,3126.560065984726,0.7876016260162602,0.7329821717990276,0.0005998453966552211,0.9999999980772695,0.4260808430371746,1.2570939525481193,0.955977245684593,0.7293354943273906,0.6296596434359806,0.45948136142625606,0.3488654781199352,0.2694489465153971,-0.03569074960960279,0.023758275427007904,-0.08497111832466545,0.054283923676121046,0.7411027424782515
