dataset,train_mode,seed,variant,lambda_ortho,time_sec,best_val_acc,test_acc,test_ortho_corr,test_w_mean,test_w_min,test_w_max,test_ess_frac,stress_bias_0.0,stress_bias_1.0,stress_bias_2.0,stress_bias_3.0,stress_bias_4.0,corr_w_deg,corr_w_invdeg,corr_w_meandist,corr_w_invmeandist,feature_stability_cos
ModelNet40,train_clean,43,umc,100.0,3174.128294467926,0.7652439024390244,0.7532414910858996,0.00014918260867782538,0.9999999973081773,0.5538863858868999,1.158056003047574,0.988218299035103,0.7589141004862237,0.6478930307941653,0.45259319286871963,0.3427876823338736,0.28038897893030795,0.42766219899058344,-0.4457993530435488,-0.391198157161125,0.34476254871224227,0.74369116127491
