dataset,train_mode,seed,variant,lambda_ortho,time_sec,best_val_acc,test_acc,test_ortho_corr,test_w_mean,test_w_min,test_w_max,test_ess_frac,stress_bias_0.0,stress_bias_1.0,stress_bias_2.0,stress_bias_3.0,stress_bias_4.0,corr_w_deg,corr_w_invdeg,corr_w_meandist,corr_w_invmeandist,feature_stability_cos
ModelNet40,train_clean,42,deg,0.0,3552.3786714076996,0.7560975609756098,0.7313614262560778,6.1514364533986395e-15,0.9999999996154539,0.8640717710218122,1.5647719660112935,0.9820389978347286,0.7370340356564019,0.6308752025931929,0.44084278768233387,0.31118314424635335,0.27755267423014585,1.0000001979991793,-0.9858975080773235,-0.24885292792023392,0.24227481141861062,0.7579481860995293
