dataset,train_mode,seed,variant,lambda_ortho,time_sec,best_val_acc,test_acc,test_ortho_corr,test_w_mean,test_w_min,test_w_max,test_ess_frac,stress_bias_0.0,stress_bias_1.0,stress_bias_2.0,stress_bias_3.0,stress_bias_4.0,corr_w_deg,corr_w_invdeg,corr_w_meandist,corr_w_invmeandist,feature_stability_cos
ModelNet40,train_clean,42,meandist,0.0,3500.1573448181152,0.7357723577235772,0.7196110210696921,0.0005461241038809079,1.0,0.641943246510721,1.8864229033070226,0.9589016672103635,0.733387358184765,0.5299837925445705,0.363452188006483,0.26742301458670986,0.2366288492706645,-0.2423049779928988,0.2713940540779731,1.000000006146729,-0.9591375581920147,0.6745088461041451
