dataset,train_mode,seed,variant,lambda_ortho,time_sec,best_val_acc,test_acc,test_ortho_corr,test_w_mean,test_w_min,test_w_max,test_ess_frac,stress_bias_0.0,stress_bias_1.0,stress_bias_2.0,stress_bias_3.0,stress_bias_4.0,corr_w_deg,corr_w_invdeg,corr_w_meandist,corr_w_invmeandist,feature_stability_cos
ModelNet40,train_clean,42,umc,100.0,3270.5783956050873,0.7682926829268293,0.7536466774716369,0.00014350852539909314,0.9999999996154539,0.5872864147347788,1.1446333500646775,0.9890566291347627,0.7544570502431118,0.626418152350081,0.4513776337115073,0.330226904376013,0.2872771474878444,0.38381507121957836,-0.4049479482229799,-0.48210063978185647,0.44231002511805856,0.7427221474051475
