dataset,train_mode,seed,variant,lambda_ortho,time_sec,best_val_acc,test_acc,test_ortho_corr,test_w_mean,test_w_min,test_w_max,test_ess_frac,stress_bias_0.0,stress_bias_1.0,stress_bias_2.0,stress_bias_3.0,stress_bias_4.0,corr_w_deg,corr_w_invdeg,corr_w_meandist,corr_w_invmeandist,feature_stability_cos
ModelNet40,train_clean,41,umc,1.0,3161.9150598049164,0.782520325203252,0.7459481361426256,0.00032063694938363866,0.9999999984618156,0.5647900381395894,1.207548411430851,0.977089830752342,0.7512155591572123,0.6410048622366289,0.4740680713128039,0.3602106969205835,0.2884927066450567,-0.08474214009165734,0.07317364946320595,-0.11082642112087342,0.08718048461387298,0.7438729978352785
