dataset,train_mode,seed,variant,lambda_ortho,time_sec,best_val_acc,test_acc,test_ortho_corr,test_w_mean,test_w_min,test_w_max,test_ess_frac,stress_bias_0.0,stress_bias_1.0,stress_bias_2.0,stress_bias_3.0,stress_bias_4.0,corr_w_deg,corr_w_invdeg,corr_w_meandist,corr_w_invmeandist,feature_stability_cos
ModelNet40,train_clean,42,umc,0.1,3028.5419001579285,0.7713414634146342,0.7633711507293355,0.0005864448300863226,0.9999999996154539,0.5537030729555315,1.389039545674478,0.9591155717449803,0.7698541329011345,0.6657212317666127,0.47568881685575365,0.34562398703403563,0.28565640194489467,-0.13727901066558842,0.1425737249370286,0.037711839978510395,-0.03145365701639093,0.7468443814665079
