dataset,train_mode,seed,variant,lambda_ortho,time_sec,best_val_acc,test_acc,test_ortho_corr,test_w_mean,test_w_min,test_w_max,test_ess_frac,stress_bias_0.0,stress_bias_1.0,stress_bias_2.0,stress_bias_3.0,stress_bias_4.0,corr_w_deg,corr_w_invdeg,corr_w_meandist,corr_w_invmeandist,feature_stability_cos
ModelNet40,train_clean,42,invdeg,0.0,3416.0464663505554,0.7357723577235772,0.723257698541329,0.00022167052591084353,0.9999999088625754,0.632607586537638,1.1397061970926101,0.9856942180664309,0.7260940032414911,0.6280388978930308,0.4493517017828201,0.3371150729335494,0.2994327390599676,-0.9854723887518049,1.0000000059604646,0.2779623715745402,-0.269737111806171,0.7485361386090517
