dataset,train_mode,seed,variant,lambda_ortho,time_sec,best_val_acc,test_acc,test_ortho_corr,test_w_mean,test_w_min,test_w_max,test_ess_frac,stress_bias_0.0,stress_bias_1.0,stress_bias_2.0,stress_bias_3.0,stress_bias_4.0,corr_w_deg,corr_w_invdeg,corr_w_meandist,corr_w_invmeandist,feature_stability_cos
ModelNet40,train_clean,43,cap,0.0,3236.308264732361,0.7459349593495935,0.723257698541329,4.0222289540143985e-05,0.9999999992309078,0.78311817607572,1.142424455765755,0.9961690745046062,0.7309562398703403,0.6122366288492707,0.40923824959481364,0.2961912479740681,0.2325769854132901,0.7176605612039566,-0.7411915143951774,-0.6868305618874728,0.6522849182598293,0.9926462399959565
