dataset,train_mode,seed,variant,lambda_ortho,time_sec,best_val_acc,test_acc,test_ortho_corr,test_w_mean,test_w_min,test_w_max,test_ess_frac,stress_bias_0.0,stress_bias_1.0,stress_bias_2.0,stress_bias_3.0,stress_bias_4.0,corr_w_deg,corr_w_invdeg,corr_w_meandist,corr_w_invmeandist,feature_stability_cos
ModelNet40,train_clean,41,umc,0.001,3095.402937412262,0.7804878048780488,0.7305510534846029,0.00027829997237741706,0.9999999996154539,0.666293570879967,1.216900961629806,0.9808693728139324,0.7354132901134521,0.6393841166936791,0.4651539708265802,0.34846029173419774,0.28565640194489467,-0.18964458034843118,0.19039798342673747,0.020176359934339416,-0.04469464714929927,0.7458641874790192
