dataset,train_mode,seed,variant,lambda_ortho,time_sec,best_val_acc,test_acc,test_ortho_corr,test_w_mean,test_w_min,test_w_max,test_ess_frac,stress_bias_0.0,stress_bias_1.0,stress_bias_2.0,stress_bias_3.0,stress_bias_4.0,corr_w_deg,corr_w_invdeg,corr_w_meandist,corr_w_invmeandist,feature_stability_cos
ModelNet40,train_clean,42,umc,0.0001,3234.298791408539,0.7682926829268293,0.7589141004862237,0.0007897638020128192,0.9999999988463617,0.4938090266719941,1.5091034827693817,0.9442090430567341,0.756482982171799,0.660453808752026,0.46961102106969205,0.330226904376013,0.28322528363047,-0.1768879782322074,0.18635145923835808,0.06764173127248796,-0.05273587943229359,0.7524030178040266
