dataset,train_mode,seed,variant,lambda_ortho,time_sec,best_val_acc,test_acc,test_ortho_corr,test_w_mean,test_w_min,test_w_max,test_ess_frac,stress_bias_0.0,stress_bias_1.0,stress_bias_2.0,stress_bias_3.0,stress_bias_4.0,corr_w_deg,corr_w_invdeg,corr_w_meandist,corr_w_invmeandist,feature_stability_cos
ModelNet40,train_clean,42,umc,1000.0,2974.6745495796204,0.7571138211382114,0.75,3.788045619477353e-05,0.9999999988463617,0.7386542254878629,1.1834813779400242,0.9942062877839611,0.7410858995137763,0.643030794165316,0.45502431118314424,0.3354943273905997,0.28282009724473256,0.7930254662409425,-0.8134408639743924,-0.5075645860284567,0.46932716644369066,0.7416552681475878
