dataset,train_mode,seed,variant,lambda_ortho,time_sec,best_val_acc,test_acc,test_ortho_corr,test_w_mean,test_w_min,test_w_max,test_ess_frac,stress_bias_0.0,stress_bias_1.0,stress_bias_2.0,stress_bias_3.0,stress_bias_4.0,corr_w_deg,corr_w_invdeg,corr_w_meandist,corr_w_invmeandist,feature_stability_cos
ModelNet40,train_clean,43,meandist,0.0,3457.1461040973663,0.7520325203252033,0.7175850891410048,0.0005440255790393079,1.0,0.6409543241223982,1.8802299368766047,0.959031529195847,0.7115072933549432,0.5376823338735819,0.37236628849270664,0.28322528363047,0.23217179902755267,-0.243561676061654,0.2729726011515595,1.0000000102445483,-0.9599174870178103,0.6717382585257292
