dataset,train_mode,seed,variant,lambda_ortho,time_sec,best_val_acc,test_acc,test_ortho_corr,test_w_mean,test_w_min,test_w_max,test_ess_frac,stress_bias_0.0,stress_bias_1.0,stress_bias_2.0,stress_bias_3.0,stress_bias_4.0,corr_w_deg,corr_w_invdeg,corr_w_meandist,corr_w_invmeandist,feature_stability_cos
ModelNet40,train_clean,41,umc,0.1,3266.2652821540833,0.7804878048780488,0.7544570502431118,0.00037902132321652326,0.9999999984618156,0.5559559083754017,1.2185079782239852,0.9722591788538041,0.7467585089141004,0.6482982171799028,0.49351701782820095,0.3626418152350081,0.2941653160453809,-0.0992588252039738,0.09421070699419261,-0.06941420493021724,0.04673185804167588,0.7437499236315489
