dataset,train_mode,seed,variant,lambda_ortho,time_sec,best_val_acc,test_acc,test_ortho_corr,test_w_mean,test_w_min,test_w_max,test_ess_frac,stress_bias_0.0,stress_bias_1.0,stress_bias_2.0,stress_bias_3.0,stress_bias_4.0,corr_w_deg,corr_w_invdeg,corr_w_meandist,corr_w_invmeandist,feature_stability_cos
ModelNet40,train_clean,41,deg,0.0,3344.702971458435,0.7550813008130082,0.7317666126418152,6.172365995419672e-15,0.9999999992309078,0.8639061081794001,1.567499771425801,0.9820107033175807,0.7252836304700162,0.6268233387358185,0.45502431118314424,0.32455429497568883,0.26094003241491087,1.000000212341547,-0.985665082000196,-0.25051598120589913,0.24301448595842884,0.7521222086250782
