dataset,train_mode,seed,variant,lambda_ortho,time_sec,best_val_acc,test_acc,test_ortho_corr,test_w_mean,test_w_min,test_w_max,test_ess_frac,stress_bias_0.0,stress_bias_1.0,stress_bias_2.0,stress_bias_3.0,stress_bias_4.0,corr_w_deg,corr_w_invdeg,corr_w_meandist,corr_w_invmeandist,feature_stability_cos
ModelNet40,train_clean,42,umc,1e-05,3371.5356607437134,0.7733739837398373,0.756482982171799,0.0007216076451098366,0.999999963852667,0.5358965179612559,1.456000844893917,0.9495793281062956,0.7674230145867099,0.6608589951377634,0.46717990275526744,0.34035656401944897,0.28363047001620745,-0.19792559396782963,0.20562664427961863,0.10252605119130749,-0.09554226418476901,0.7513660138845444
