dataset,train_mode,seed,variant,lambda_ortho,time_sec,best_val_acc,test_acc,test_ortho_corr,test_w_mean,test_w_min,test_w_max,test_ess_frac,stress_bias_0.0,stress_bias_1.0,stress_bias_2.0,stress_bias_3.0,stress_bias_4.0,corr_w_deg,corr_w_invdeg,corr_w_meandist,corr_w_invmeandist,feature_stability_cos
ModelNet40,train_clean,41,invdeg,0.0,3364.824280023575,0.7398373983739838,0.7256888168557536,0.0002219740817728903,0.9999999084780293,0.6310871831832393,1.1395068007130777,0.9856804474707572,0.729740680713128,0.6118314424635333,0.4505672609400324,0.33752025931928686,0.276742301458671,-0.9855382757261395,1.0000000087544323,0.2720371900533792,-0.262480827573745,0.7401967563480139
