dataset,train_mode,seed,variant,lambda_ortho,degree_features,time_sec,best_val_acc,test_acc,test_macc,test_ortho_corr,test_w_mean,test_w_min,test_w_max,test_ess_frac,stress_bias_0.0,stress_bias_1.0,stress_bias_2.0,stress_bias_3.0,stress_bias_4.0,corr_w_deg,corr_w_invdeg,corr_w_meandist,corr_w_invmeandist,feature_stability_cos
ModelNet10,train_clean,6,md_only,0.0,,1298.3393318653107,0.899749373433584,0.8061674008810573,0.7929999828338623,0.00025093275479249363,1.0,0.41043483112987716,1.3386572787636204,0.9736015765290511,0.8215859030837004,0.6178414096916299,0.4008810572687225,0.2852422907488987,0.1949339207048458,0.203808980477379,-0.23280707217636518,-0.9928934022784233,0.9806612888351083,0.6742554233968258
