dataset,train_mode,seed,variant,lambda_ortho,degree_features,time_sec,best_val_acc,test_acc,test_macc,test_ortho_corr,test_w_mean,test_w_min,test_w_max,test_ess_frac,stress_bias_0.0,stress_bias_1.0,stress_bias_2.0,stress_bias_3.0,stress_bias_4.0,corr_w_deg,corr_w_invdeg,corr_w_meandist,corr_w_invmeandist,feature_stability_cos
ScanObjectNN,train_clean,5,full,0.0,,815.7262241840363,0.6493506493506493,0.6247848537005164,0.5670626163482666,0.0002697560270757389,1.0,0.41160684501802597,1.3208719620833527,0.9728143150741989,0.6161790017211703,0.5094664371772806,0.4440619621342513,0.35456110154905335,0.306368330464716,0.2158660645753116,-0.24295270544789674,-0.7122198999859393,0.7001499587669968,0.7422785545140504
