dataset,train_mode,seed,variant,lambda_ortho,degree_features,time_sec,best_val_acc,test_acc,test_macc,test_ortho_corr,test_w_mean,test_w_min,test_w_max,test_ess_frac,stress_bias_0.0,stress_bias_1.0,stress_bias_2.0,stress_bias_3.0,stress_bias_4.0,corr_w_deg,corr_w_invdeg,corr_w_meandist,corr_w_invmeandist,feature_stability_cos
ScanObjectNN,train_clean,4,deg_only,0.0,log_deg,710.1371159553528,0.6147186147186147,0.6265060240963856,0.5741404294967651,2.668051225506084e-05,1.0000000016109363,0.641822296219903,1.3468448761347178,0.9860667924623232,0.5955249569707401,0.5542168674698795,0.4165232358003442,0.3493975903614458,0.2547332185886403,0.8478232890367507,-0.8637750050053,-0.42397666714387017,0.3922847674693912,0.732077207416296
