dataset,train_mode,seed,variant,lambda_ortho,degree_features,time_sec,best_val_acc,test_acc,test_macc,test_ortho_corr,test_w_mean,test_w_min,test_w_max,test_ess_frac,stress_bias_0.0,stress_bias_1.0,stress_bias_2.0,stress_bias_3.0,stress_bias_4.0,corr_w_deg,corr_w_invdeg,corr_w_meandist,corr_w_invmeandist,feature_stability_cos
ScanObjectNN,train_clean,4,full,0.0,,724.8033473491669,0.6493506493506493,0.6540447504302926,0.5822972059249878,0.00021596314252599622,0.9999999983890636,0.49407775982006175,1.2721145765201465,0.979852281712197,0.6144578313253012,0.5576592082616179,0.4165232358003442,0.35972461273666095,0.2633390705679862,0.14552602333919823,-0.17026056371687445,-0.7100652572698891,0.7016921218135395,0.7396102930605412
