dataset,train_mode,seed,variant,lambda_ortho,degree_features,time_sec,best_val_acc,test_acc,test_macc,test_ortho_corr,test_w_mean,test_w_min,test_w_max,test_ess_frac,stress_bias_0.0,stress_bias_1.0,stress_bias_2.0,stress_bias_3.0,stress_bias_4.0,corr_w_deg,corr_w_invdeg,corr_w_meandist,corr_w_invmeandist,feature_stability_cos
ModelNet10,train_clean,1,md_only,0.0,,1291.6821768283844,0.8847117794486216,0.8193832599118943,0.8076977729797363,0.0003234521662530473,0.9999999979086089,0.3388362095544213,1.363431179732607,0.9669755624051679,0.7973568281938326,0.6057268722466961,0.3766519823788546,0.2566079295154185,0.19162995594713655,0.20745592466701054,-0.2371660237073229,-0.9931408010423184,0.9751095043495297,0.6873298526182771
