dataset,train_mode,seed,variant,lambda_ortho,degree_features,time_sec,best_val_acc,test_acc,test_macc,test_ortho_corr,test_w_mean,test_w_min,test_w_max,test_ess_frac,stress_bias_0.0,stress_bias_1.0,stress_bias_2.0,stress_bias_3.0,stress_bias_4.0,corr_w_deg,corr_w_invdeg,corr_w_meandist,corr_w_invmeandist,feature_stability_cos
ModelNet10,train_clean,6,full_point_encoder,0.0,,1487.7887496948242,0.9448621553884712,0.8832599118942731,0.8769534826278687,0.00029270730789121764,0.9999999309840956,0.7440001378979599,1.6514875491460164,0.9803958577022218,0.8898678414096917,0.7863436123348018,0.6409691629955947,0.44383259911894274,0.3700440528634361,-0.630208233743906,0.6607342241331935,0.7709810240194201,-0.721148235630244,0.8317353242635727
