dataset,train_mode,seed,variant,lambda_ortho,degree_features,time_sec,best_val_acc,test_acc,test_macc,test_ortho_corr,test_w_mean,test_w_min,test_w_max,test_ess_frac,stress_bias_0.0,stress_bias_1.0,stress_bias_2.0,stress_bias_3.0,stress_bias_4.0,corr_w_deg,corr_w_invdeg,corr_w_meandist,corr_w_invmeandist,feature_stability_cos
ScanObjectNN,train_clean,0,full,0.0,,708.8294765949249,0.6406926406926406,0.612736660929432,0.5596840381622314,0.00019362867582507583,1.0,0.4701245958740647,1.3016252711012557,0.9803958374100763,0.6179001721170396,0.5542168674698795,0.4354561101549053,0.37005163511187605,0.2943201376936317,0.16152013889914088,-0.18971744680238772,-0.8373918892815709,0.8319161559455097,0.7473152461647987
