dataset,train_mode,seed,variant,lambda_ortho,degree_features,time_sec,best_val_acc,test_acc,test_macc,test_ortho_corr,test_w_mean,test_w_min,test_w_max,test_ess_frac,stress_bias_0.0,stress_bias_1.0,stress_bias_2.0,stress_bias_3.0,stress_bias_4.0,corr_w_deg,corr_w_invdeg,corr_w_meandist,corr_w_invmeandist,feature_stability_cos
ModelNet40,train_clean,9,md_only,0.0,,3290.0730028152466,0.7469512195121951,0.7192058346839546,0.6419593095779419,0.00014460946371283142,0.9999999996154539,0.8341539190661522,1.242480431833575,0.9944219573851555,0.7252836304700162,0.5372771474878444,0.3460291734197731,0.24959481361426256,0.19367909238249595,-0.23885097362217494,0.2666573994210921,0.9720475226640701,-0.9860391441732645,0.6414352586865425
