dataset,train_mode,seed,variant,lambda_ortho,degree_features,time_sec,best_val_acc,test_acc,test_macc,test_ortho_corr,test_w_mean,test_w_min,test_w_max,test_ess_frac,stress_bias_0.0,stress_bias_1.0,stress_bias_2.0,stress_bias_3.0,stress_bias_4.0,corr_w_deg,corr_w_invdeg,corr_w_meandist,corr_w_invmeandist,feature_stability_cos
ModelNet40,train_clean,8,md_only,0.0,,3196.9637196063995,0.7693089430894309,0.7358184764991896,0.6603139638900757,0.00012642882089318347,0.9999999973081773,0.8604198767292884,1.2185752138014763,0.9959833148987063,0.743517017828201,0.5514586709886548,0.3606158833063209,0.2576985413290113,0.21029173419773095,-0.238271250690741,0.26561776411544996,0.9771198676899076,-0.9871838714927434,0.6738674652576446
