dataset,train_mode,seed,variant,lambda_ortho,degree_features,time_sec,best_val_acc,test_acc,test_macc,test_ortho_corr,test_w_mean,test_w_min,test_w_max,test_ess_frac,stress_bias_0.0,stress_bias_1.0,stress_bias_2.0,stress_bias_3.0,stress_bias_4.0,corr_w_deg,corr_w_invdeg,corr_w_meandist,corr_w_invmeandist,feature_stability_cos
ModelNet40,train_clean,3,full_point_encoder,0.0,,4372.168987989426,0.8526422764227642,0.8196920583468396,0.7577034831047058,7.640482054416827e-05,0.9999999996154539,0.7651947498321533,1.1598684872350384,0.994498037907385,0.8176661264181524,0.6904376012965965,0.4700162074554295,0.2848460291734198,0.19651539708265803,0.32143820598284945,-0.3437855361029506,-0.7792614054866135,0.7786618861369788,0.9785967946052552
