dataset,train_mode,seed,variant,lambda_ortho,degree_features,time_sec,best_val_acc,test_acc,test_macc,test_ortho_corr,test_w_mean,test_w_min,test_w_max,test_ess_frac,stress_bias_0.0,stress_bias_1.0,stress_bias_2.0,stress_bias_3.0,stress_bias_4.0,corr_w_deg,corr_w_invdeg,corr_w_meandist,corr_w_invmeandist,feature_stability_cos
ModelNet40,train_clean,9,deg_only,0.0,log_deg,3156.070699930191,0.7306910569105691,0.715964343598055,0.6405057907104492,7.334181958163578e-05,0.999999996154539,0.9621266788051974,1.0490887595761207,0.999775638503413,0.7200162074554295,0.5668557536466775,0.3897893030794165,0.2755267423014587,0.22082658022690438,-0.8273581037297845,0.8498979641124607,0.4917034231126308,-0.4555239230860025,0.719904612377286
