dataset,train_mode,seed,variant,lambda_ortho,degree_features,time_sec,best_val_acc,test_acc,test_macc,test_ortho_corr,test_w_mean,test_w_min,test_w_max,test_ess_frac,stress_bias_0.0,stress_bias_1.0,stress_bias_2.0,stress_bias_3.0,stress_bias_4.0,corr_w_deg,corr_w_invdeg,corr_w_meandist,corr_w_invmeandist,feature_stability_cos
ModelNet40,train_clean,2,deg_only,0.0,log_deg,3216.0913581848145,0.7632113821138211,0.7090761750405187,0.6251569986343384,0.00012328110242378897,0.9999999450099084,0.942169843181487,1.6194239908649075,0.9929025726933633,0.7106969205834684,0.5822528363047001,0.3804700162074554,0.2568881685575365,0.19489465153970825,-0.07541964836077568,0.12385415246826596,0.42171055646904276,-0.32387557089095936,0.7079579889029265
