dataset,train_mode,seed,variant,lambda_ortho,degree_features,time_sec,best_val_acc,test_acc,test_macc,test_ortho_corr,test_w_mean,test_w_min,test_w_max,test_ess_frac,stress_bias_0.0,stress_bias_1.0,stress_bias_2.0,stress_bias_3.0,stress_bias_4.0,corr_w_deg,corr_w_invdeg,corr_w_meandist,corr_w_invmeandist,feature_stability_cos
ModelNet10,train_clean,1,no_coords,0.0,,1267.8930509090424,0.899749373433584,0.8050660792951542,0.7928837537765503,0.0002333939459946889,0.9999999989543045,0.4653679493226503,1.3386680933467128,0.9756709326777542,0.8149779735682819,0.5925110132158591,0.34030837004405284,0.24779735682819384,0.1762114537444934,0.13501440953541533,-0.16469693156063842,-0.9864914810284973,0.9831972032785415,0.6769242859631777
