dataset,train_mode,seed,variant,lambda_ortho,degree_features,time_sec,best_val_acc,test_acc,test_macc,test_ortho_corr,test_w_mean,test_w_min,test_w_max,test_ess_frac,stress_bias_0.0,stress_bias_1.0,stress_bias_2.0,stress_bias_3.0,stress_bias_4.0,corr_w_deg,corr_w_invdeg,corr_w_meandist,corr_w_invmeandist,feature_stability_cos
ModelNet40,train_clean,4,full_point_encoder,0.0,,4501.788948297501,0.8678861788617886,0.8318476499189628,0.768488347530365,0.00046609682049752484,0.9999975492877345,0.5373522504683463,1.9916117891188592,0.9485868896207502,0.8350891410048622,0.6985413290113452,0.47042139384116693,0.3014586709886548,0.21353322528363047,-0.7624622888863086,0.7959752466529608,0.42688870737329127,-0.37857424016110597,0.9059084978699684
