dataset,train_mode,seed,variant,lambda_ortho,degree_features,time_sec,best_val_acc,test_acc,test_macc,test_ortho_corr,test_w_mean,test_w_min,test_w_max,test_ess_frac,stress_bias_0.0,stress_bias_1.0,stress_bias_2.0,stress_bias_3.0,stress_bias_4.0,corr_w_deg,corr_w_invdeg,corr_w_meandist,corr_w_invmeandist,feature_stability_cos
ModelNet10,train_clean,7,full,0.0,,1338.0592515468597,0.924812030075188,0.8303964757709251,0.8216279149055481,0.004562310962284212,1.0,0.07177873100807662,1.8843713078582496,0.755767099690019,0.8248898678414097,0.736784140969163,0.5892070484581498,0.45484581497797355,0.3590308370044053,0.023828379610858975,-0.03164283769535814,-0.20253423719168495,0.1870983504326432,0.7130312088876962
