dataset,train_mode,seed,variant,lambda_ortho,degree_features,time_sec,best_val_acc,test_acc,test_macc,test_ortho_corr,test_w_mean,test_w_min,test_w_max,test_ess_frac,stress_bias_0.0,stress_bias_1.0,stress_bias_2.0,stress_bias_3.0,stress_bias_4.0,corr_w_deg,corr_w_invdeg,corr_w_meandist,corr_w_invmeandist,feature_stability_cos
ModelNet10,train_clean,7,no_coords,0.0,,1278.438639640808,0.8847117794486216,0.8182819383259912,0.8083255887031555,0.0002319990953924788,0.9999999989543045,0.5383487563384207,1.35936158790923,0.9777280991537529,0.816079295154185,0.5958149779735683,0.40308370044052866,0.2687224669603524,0.21475770925110133,-0.10388835864441717,0.07932930613051212,-0.9126397855579853,0.9251555733382701,0.6776543100178242
