dataset,train_mode,seed,variant,lambda_ortho,degree_features,time_sec,best_val_acc,test_acc,test_macc,test_ortho_corr,test_w_mean,test_w_min,test_w_max,test_ess_frac,stress_bias_0.0,stress_bias_1.0,stress_bias_2.0,stress_bias_3.0,stress_bias_4.0,corr_w_deg,corr_w_invdeg,corr_w_meandist,corr_w_invmeandist,feature_stability_cos
ScanObjectNN,train_clean,0,no_coords,0.0,,719.7072141170502,0.6320346320346321,0.6092943201376936,0.5685291886329651,9.22644765130433e-05,1.0,0.5622862738531988,1.2336767106442839,0.9890518156257836,0.6058519793459552,0.5438898450946644,0.42168674698795183,0.3648881239242685,0.29604130808950085,0.3241153473103623,-0.35446380970533936,-0.965942732989788,0.9623613663017749,0.7472395690530539
