dataset,train_mode,seed,variant,lambda_ortho,degree_features,time_sec,best_val_acc,test_acc,test_macc,test_ortho_corr,test_w_mean,test_w_min,test_w_max,test_ess_frac,stress_bias_0.0,stress_bias_1.0,stress_bias_2.0,stress_bias_3.0,stress_bias_4.0,corr_w_deg,corr_w_invdeg,corr_w_meandist,corr_w_invmeandist,feature_stability_cos
ModelNet40,train_clean,6,no_coords,0.0,,3721.3126838207245,0.7428861788617886,0.7106969205834684,0.6474825143814087,0.00018684105002208642,0.9999999953854468,0.8197577680310896,1.3445273637771606,0.991734714277329,0.7058346839546191,0.5145867098865479,0.32374392220421394,0.23987034035656402,0.18841166936790923,-0.4367178790271282,0.4660343611612916,0.9593561556190252,-0.9407344315201044,0.6810920553654433
