dataset,train_mode,seed,variant,lambda_ortho,degree_features,time_sec,best_val_acc,test_acc,test_macc,test_ortho_corr,test_w_mean,test_w_min,test_w_max,test_ess_frac,stress_bias_0.0,stress_bias_1.0,stress_bias_2.0,stress_bias_3.0,stress_bias_4.0,corr_w_deg,corr_w_invdeg,corr_w_meandist,corr_w_invmeandist,feature_stability_cos
ScanObjectNN,train_clean,1,full,0.0,,725.174576997757,0.6406926406926406,0.6144578313253012,0.5699015259742737,0.00028588303020286903,1.0,0.42283199324801163,1.3182875981201996,0.9721129762159811,0.6247848537005164,0.5473321858864028,0.4406196213425129,0.3648881239242685,0.27538726333907054,0.20320041166851296,-0.2300323317933362,-0.6895408110693098,0.6765352844027802,0.7308719638735056
