dataset,train_mode,seed,variant,lambda_ortho,degree_features,time_sec,best_val_acc,test_acc,test_macc,test_ortho_corr,test_w_mean,test_w_min,test_w_max,test_ess_frac,stress_bias_0.0,stress_bias_1.0,stress_bias_2.0,stress_bias_3.0,stress_bias_4.0,corr_w_deg,corr_w_invdeg,corr_w_meandist,corr_w_invmeandist,feature_stability_cos
ModelNet40,train_clean,1,deg_only,0.0,log_deg,3602.2252366542816,0.75,0.7123176661264181,0.6367558240890503,0.00011243807164118475,0.9999996485248689,0.9485354454286636,1.550689825704021,0.9941740109074501,0.7106969205834684,0.5490275526742301,0.37925445705024313,0.2508103727714749,0.18192868719611022,-0.061121594299129355,0.11188627971653205,0.4182252950849943,-0.32173917099134997,0.6868314612656832
