dataset,train_mode,seed,variant,lambda_ortho,degree_features,time_sec,best_val_acc,test_acc,test_macc,test_ortho_corr,test_w_mean,test_w_min,test_w_max,test_ess_frac,stress_bias_0.0,stress_bias_1.0,stress_bias_2.0,stress_bias_3.0,stress_bias_4.0,corr_w_deg,corr_w_invdeg,corr_w_meandist,corr_w_invmeandist,feature_stability_cos
ModelNet40,train_clean,6,full_point_encoder,0.0,,4458.951790094376,0.8414634146341463,0.8298217179902755,0.755860447883606,6.388339612796346e-05,0.9999999992309078,0.8361628651618958,1.1207703421192785,0.9970639571066826,0.8334683954619124,0.6944894651539708,0.4367909238249595,0.2860615883306321,0.1952998379254457,0.21318797902786174,-0.23763344912877074,-0.8092070296406746,0.8111423116177321,0.9855430427193642
