dataset,train_mode,seed,variant,lambda_ortho,degree_features,time_sec,best_val_acc,test_acc,test_macc,test_ortho_corr,test_w_mean,test_w_min,test_w_max,test_ess_frac,stress_bias_0.0,stress_bias_1.0,stress_bias_2.0,stress_bias_3.0,stress_bias_4.0,corr_w_deg,corr_w_invdeg,corr_w_meandist,corr_w_invmeandist,feature_stability_cos
ModelNet40,train_clean,3,no_coords,0.0,,3392.0488510131836,0.7693089430894309,0.7119124797406807,0.6311162710189819,0.00018336564117494309,0.9999999446253622,0.8245815634727478,1.336783173776442,0.9921165720109016,0.7034035656401945,0.5121555915721232,0.3180713128038898,0.23703403565640194,0.18881685575364668,-0.5093115262687207,0.5404711654409766,0.928227162733674,-0.9094772737473249,0.6631120686978101
