dataset,train_mode,seed,variant,lambda_ortho,degree_features,time_sec,best_val_acc,test_acc,test_macc,test_ortho_corr,test_w_mean,test_w_min,test_w_max,test_ess_frac,stress_bias_0.0,stress_bias_1.0,stress_bias_2.0,stress_bias_3.0,stress_bias_4.0,corr_w_deg,corr_w_invdeg,corr_w_meandist,corr_w_invmeandist,feature_stability_cos
ModelNet40,train_clean,0,full,0.0,,3515.9278197288513,0.7855691056910569,0.7597244732576985,0.6882151365280151,0.0006622023824621143,0.9999999988463617,0.3554277451528657,1.2657351855308778,0.9513541429273544,0.7589141004862237,0.6073743922204214,0.3942463533225284,0.2799837925445705,0.21677471636953,0.0711076738999509,-0.08747549695071939,-0.1633527154046533,0.13613413796920212,0.7207499288022519
