dataset,train_mode,seed,variant,lambda_ortho,degree_features,time_sec,best_val_acc,test_acc,test_macc,test_ortho_corr,test_w_mean,test_w_min,test_w_max,test_ess_frac,stress_bias_0.0,stress_bias_1.0,stress_bias_2.0,stress_bias_3.0,stress_bias_4.0,corr_w_deg,corr_w_invdeg,corr_w_meandist,corr_w_invmeandist,feature_stability_cos
ModelNet40,train_clean,1,full,0.0,,3200.043596506119,0.7865853658536586,0.7459481361426256,0.6914767026901245,0.0007719842166895227,0.9999999988463617,0.32210872048331846,1.282312637759793,0.9437589057030217,0.7475688816855753,0.6045380875202593,0.4181523500810373,0.2779578606158833,0.21393841166936792,0.08937612019362859,-0.10319726832130982,-0.10284250526601682,0.06329681772140247,0.7036891862750053
