dataset,train_mode,seed,variant,lambda_ortho,degree_features,time_sec,best_val_acc,test_acc,test_macc,test_ortho_corr,test_w_mean,test_w_min,test_w_max,test_ess_frac,stress_bias_0.0,stress_bias_1.0,stress_bias_2.0,stress_bias_3.0,stress_bias_4.0,corr_w_deg,corr_w_invdeg,corr_w_meandist,corr_w_invmeandist,feature_stability_cos
ModelNet40,train_clean,0,full_point_encoder,0.0,,4406.882307767868,0.850609756097561,0.8205024311183144,0.7611104249954224,0.0006789086604370706,0.9996959032550935,0.5277278007999543,2.4232734987812656,0.926518907854634,0.8282009724473258,0.692868719611021,0.4574554294975689,0.2893030794165316,0.2034035656401945,-0.6926628807559609,0.7305207446217536,0.5697979048825801,-0.5117330775596202,0.828604384958744
