dataset,train_mode,seed,variant,lambda_ortho,degree_features,time_sec,best_val_acc,test_acc,test_macc,test_ortho_corr,test_w_mean,test_w_min,test_w_max,test_ess_frac,stress_bias_0.0,stress_bias_1.0,stress_bias_2.0,stress_bias_3.0,stress_bias_4.0,corr_w_deg,corr_w_invdeg,corr_w_meandist,corr_w_invmeandist,feature_stability_cos
ModelNet10,train_clean,8,no_coords,0.0,,1267.8285319805145,0.8897243107769424,0.7995594713656388,0.7922325134277344,0.00023507118225608249,0.9999999989543045,0.4683757939359598,1.331986625989278,0.9760708903011522,0.8138766519823789,0.6068281938325991,0.3997797356828194,0.2610132158590308,0.22577092511013216,0.12077042011005687,-0.14920711808626946,-0.9844408981502056,0.9796959891915321,0.7099938268959523
