dataset,train_mode,seed,variant,lambda_ortho,degree_features,time_sec,best_val_acc,test_acc,test_macc,test_ortho_corr,test_w_mean,test_w_min,test_w_max,test_ess_frac,stress_bias_0.0,stress_bias_1.0,stress_bias_2.0,stress_bias_3.0,stress_bias_4.0,corr_w_deg,corr_w_invdeg,corr_w_meandist,corr_w_invmeandist,feature_stability_cos
ModelNet10,train_clean,5,no_coords,0.0,,1250.4039351940155,0.8646616541353384,0.7940528634361234,0.7763720750808716,0.0008698964324011875,0.9999527910299468,0.5037496916034765,2.2331496979060925,0.9155375497382984,0.7929515418502202,0.5936123348017621,0.3777533039647577,0.32158590308370044,0.2488986784140969,-0.5828730714973063,0.6158468848560006,0.784543437231332,-0.776138328295201,0.6102366913110018
