dataset,train_mode,seed,variant,lambda_ortho,degree_features,time_sec,best_val_acc,test_acc,test_macc,test_ortho_corr,test_w_mean,test_w_min,test_w_max,test_ess_frac,stress_bias_0.0,stress_bias_1.0,stress_bias_2.0,stress_bias_3.0,stress_bias_4.0,corr_w_deg,corr_w_invdeg,corr_w_meandist,corr_w_invmeandist,feature_stability_cos
ScanObjectNN,train_clean,9,md_only,0.0,,746.0883991718292,0.6147186147186147,0.6041308089500861,0.5426282286643982,0.000147512555240364,1.0,0.5120143205732912,1.3160936026959806,0.983542029922073,0.6041308089500861,0.5146299483648882,0.40963855421686746,0.342512908777969,0.2667814113597246,0.1402218122719205,-0.16970724770508241,-0.9813271248713136,0.9939926421269775,0.7385161754488945
