dataset,train_mode,seed,variant,lambda_ortho,degree_features,time_sec,best_val_acc,test_acc,test_macc,test_ortho_corr,test_w_mean,test_w_min,test_w_max,test_ess_frac,stress_bias_0.0,stress_bias_1.0,stress_bias_2.0,stress_bias_3.0,stress_bias_4.0,corr_w_deg,corr_w_invdeg,corr_w_meandist,corr_w_invmeandist,feature_stability_cos
ModelNet40,train_clean,9,full_point_encoder,0.0,,3868.405822992325,0.8394308943089431,0.8188816855753647,0.7618256211280823,0.0004736077673207488,0.9999987390733535,0.5913459620168132,1.9571240663528442,0.9550185080497495,0.8152350081037277,0.7098865478119936,0.48581847649918963,0.31280388978930307,0.21920583468395463,-0.713523156568408,0.7479510128498077,0.6107461903244257,-0.5608455882407725,0.9127661997079849
