dataset,train_mode,seed,variant,lambda_ortho,degree_features,time_sec,best_val_acc,test_acc,test_macc,test_ortho_corr,test_w_mean,test_w_min,test_w_max,test_ess_frac,stress_bias_0.0,stress_bias_1.0,stress_bias_2.0,stress_bias_3.0,stress_bias_4.0,corr_w_deg,corr_w_invdeg,corr_w_meandist,corr_w_invmeandist,feature_stability_cos
ScanObjectNN,train_clean,6,no_coords,0.0,,716.8454701900482,0.6017316017316018,0.5800344234079173,0.5365682244300842,9.205158572955485e-05,1.0,0.5602113105155326,1.2250134268322506,0.9893776613312799,0.6058519793459552,0.53184165232358,0.4423407917383821,0.39070567986230637,0.2908777969018933,0.29923978963925035,-0.329619082598947,-0.9715578669682146,0.96458945479244,0.7354514533281327
