dataset,train_mode,seed,variant,lambda_ortho,degree_features,time_sec,best_val_acc,test_acc,test_macc,test_ortho_corr,test_w_mean,test_w_min,test_w_max,test_ess_frac,stress_bias_0.0,stress_bias_1.0,stress_bias_2.0,stress_bias_3.0,stress_bias_4.0,corr_w_deg,corr_w_invdeg,corr_w_meandist,corr_w_invmeandist,feature_stability_cos
ModelNet40,train_clean,0,no_coords,0.0,,3129.8573372364044,0.7621951219512195,0.7285251215559158,0.6604011654853821,0.00017110194786519353,0.9999999992309078,0.8235077838743886,1.295917078756517,0.9928092664287936,0.7337925445705025,0.506482982171799,0.30753646677471635,0.22690437601296595,0.1847649918962723,-0.3566128106089309,0.3868396439123899,0.9790871296077966,-0.9706659050658345,0.6547991793602705
