dataset,train_mode,seed,variant,lambda_ortho,degree_features,time_sec,best_val_acc,test_acc,test_macc,test_ortho_corr,test_w_mean,test_w_min,test_w_max,test_ess_frac,stress_bias_0.0,stress_bias_1.0,stress_bias_2.0,stress_bias_3.0,stress_bias_4.0,corr_w_deg,corr_w_invdeg,corr_w_meandist,corr_w_invmeandist,feature_stability_cos
ScanObjectNN,train_clean,0,full_point_encoder,0.0,,1054.6354806423187,0.7056277056277056,0.6592082616179001,0.5952280759811401,0.00010203767836886786,0.9999999967781273,0.6246207469218487,1.2277457810736991,0.9907187030122087,0.6454388984509466,0.5989672977624785,0.4509466437177281,0.3270223752151463,0.26161790017211706,0.1304729397765186,-0.15876090635174478,-0.9415728511288762,0.9461052374914288,0.7863626390695572
