dataset,train_mode,seed,variant,lambda_ortho,degree_features,time_sec,best_val_acc,test_acc,test_macc,test_ortho_corr,test_w_mean,test_w_min,test_w_max,test_ess_frac,stress_bias_0.0,stress_bias_1.0,stress_bias_2.0,stress_bias_3.0,stress_bias_4.0,corr_w_deg,corr_w_invdeg,corr_w_meandist,corr_w_invmeandist,feature_stability_cos
ModelNet10,train_clean,0,full,0.0,,1256.719473361969,0.8796992481203008,0.8381057268722467,0.8340930938720703,0.005142297317976491,1.0,0.010741135571221779,1.8794969383038973,0.7433221183325115,0.8392070484581498,0.7577092511013216,0.5892070484581498,0.44052863436123346,0.3370044052863436,0.035890289735630174,-0.045117392608608496,-0.20666585996568757,0.18176615678221425,0.7257177877426148
