dataset,train_mode,seed,variant,lambda_ortho,degree_features,time_sec,best_val_acc,test_acc,test_macc,test_ortho_corr,test_w_mean,test_w_min,test_w_max,test_ess_frac,stress_bias_0.0,stress_bias_1.0,stress_bias_2.0,stress_bias_3.0,stress_bias_4.0,corr_w_deg,corr_w_invdeg,corr_w_meandist,corr_w_invmeandist,feature_stability_cos
ScanObjectNN,train_clean,0,deg_only,0.0,log_deg,714.7145988941193,0.6190476190476191,0.5817555938037866,0.5304633975028992,2.3697451733578174e-05,0.9999999983890636,0.7051510988055049,1.2620834112167358,0.9912152596422144,0.5938037865748709,0.5542168674698795,0.3958691910499139,0.31497418244406195,0.2633390705679862,0.8382268851622939,-0.8556100310757756,-0.43059050203301014,0.3987912314478308,0.7497839343547821
