dataset,train_mode,seed,variant,lambda_ortho,degree_features,time_sec,best_val_acc,test_acc,test_macc,test_ortho_corr,test_w_mean,test_w_min,test_w_max,test_ess_frac,stress_bias_0.0,stress_bias_1.0,stress_bias_2.0,stress_bias_3.0,stress_bias_4.0,corr_w_deg,corr_w_invdeg,corr_w_meandist,corr_w_invmeandist,feature_stability_cos
ModelNet40,train_clean,8,full,0.0,,3470.3085064888,0.7886178861788617,0.7350081037277147,0.6850639581680298,0.0004881815582085701,1.0,0.41684553978904604,1.2394219729208178,0.9634689588700571,0.729740680713128,0.576580226904376,0.376418152350081,0.2568881685575365,0.20623987034035657,0.0633129771640597,-0.07999912092827799,-0.22081785963955552,0.1902208595353841,0.7122586332261562
