dataset,train_mode,seed,variant,lambda_ortho,degree_features,time_sec,best_val_acc,test_acc,test_macc,test_ortho_corr,test_w_mean,test_w_min,test_w_max,test_ess_frac,stress_bias_0.0,stress_bias_1.0,stress_bias_2.0,stress_bias_3.0,stress_bias_4.0,corr_w_deg,corr_w_invdeg,corr_w_meandist,corr_w_invmeandist,feature_stability_cos
ModelNet10,train_clean,8,deg_only,0.0,log_deg,1256.7640588283539,0.8621553884711779,0.7676211453744494,0.752604603767395,6.113609312083817e-05,0.9980506300926208,0.9980505715336716,0.9980505715336716,1.0,0.7797356828193832,0.6321585903083701,0.460352422907489,0.3513215859030837,0.3039647577092511,0.0,3.045877985274892e-07,-7.692413084292583e-09,1.90842072839148e-09,0.7133594271540642
