dataset,train_mode,seed,variant,lambda_ortho,degree_features,time_sec,best_val_acc,test_acc,test_macc,test_ortho_corr,test_w_mean,test_w_min,test_w_max,test_ess_frac,stress_bias_0.0,stress_bias_1.0,stress_bias_2.0,stress_bias_3.0,stress_bias_4.0,corr_w_deg,corr_w_invdeg,corr_w_meandist,corr_w_invmeandist,feature_stability_cos
ModelNet40,train_clean,7,deg_only,0.0,log_deg,3243.756052017212,0.7449186991869918,0.7106969205834684,0.6384418606758118,6.093433633307746e-05,0.9999999984618156,0.9985161066055298,1.001846578044276,0.9999996542930603,0.7074554294975689,0.5705024311183144,0.3711507293354943,0.28119935170178284,0.22082658022690438,-0.8319144885987043,0.8534604843705893,0.48644879506900907,-0.4529860966373235,0.7159777608513832
