dataset,train_mode,seed,variant,lambda_ortho,degree_features,time_sec,best_val_acc,test_acc,test_macc,test_ortho_corr,test_w_mean,test_w_min,test_w_max,test_ess_frac,stress_bias_0.0,stress_bias_1.0,stress_bias_2.0,stress_bias_3.0,stress_bias_4.0,corr_w_deg,corr_w_invdeg,corr_w_meandist,corr_w_invmeandist,feature_stability_cos
ModelNet10,train_clean,9,full_point_encoder,0.0,,1436.710147857666,0.949874686716792,0.8876651982378855,0.885883629322052,0.00015568004394146172,1.0,0.6039932030334807,1.1910764731858905,0.9871908551768253,0.8799559471365639,0.8116740088105727,0.6123348017621145,0.41409691629955947,0.29295154185022027,0.32287289790983775,-0.3498600100399926,-0.7817351818550378,0.7515960691962391,0.9596499465405941
