dataset,train_mode,seed,variant,lambda_ortho,degree_features,time_sec,best_val_acc,test_acc,test_macc,test_ortho_corr,test_w_mean,test_w_min,test_w_max,test_ess_frac,stress_bias_0.0,stress_bias_1.0,stress_bias_2.0,stress_bias_3.0,stress_bias_4.0,corr_w_deg,corr_w_invdeg,corr_w_meandist,corr_w_invmeandist,feature_stability_cos
ModelNet10,train_clean,3,full,0.0,,1234.0834589004517,0.924812030075188,0.8458149779735683,0.835790753364563,0.00629831294594496,1.0,0.01588226424396373,2.118545283351028,0.6936213468250475,0.8480176211453745,0.7687224669603524,0.6057268722466961,0.4262114537444934,0.3634361233480176,-0.024126550554046843,0.01799715000515789,-0.13422200243377347,0.11321967538860918,0.7367152075469494
