dataset,train_mode,seed,variant,lambda_ortho,degree_features,time_sec,best_val_acc,test_acc,test_macc,test_ortho_corr,test_w_mean,test_w_min,test_w_max,test_ess_frac,stress_bias_0.0,stress_bias_1.0,stress_bias_2.0,stress_bias_3.0,stress_bias_4.0,corr_w_deg,corr_w_invdeg,corr_w_meandist,corr_w_invmeandist,feature_stability_cos
ModelNet40,train_clean,5,deg_only,0.0,log_deg,3161.915377140045,0.7693089430894309,0.7212317666126418,0.6538720726966858,7.280431145186266e-05,0.9999999776963264,0.9612152391864407,1.3341395055094072,0.9980534399709394,0.7236628849270664,0.6008914100486223,0.3853322528363047,0.2694489465153971,0.18881685575364668,0.09635054246864456,-0.05862652538835391,0.3314498853414989,-0.23079206729898943,0.7094303820282221
