dataset,train_mode,seed,variant,lambda_ortho,degree_features,time_sec,best_val_acc,test_acc,test_macc,test_ortho_corr,test_w_mean,test_w_min,test_w_max,test_ess_frac,stress_bias_0.0,stress_bias_1.0,stress_bias_2.0,stress_bias_3.0,stress_bias_4.0,corr_w_deg,corr_w_invdeg,corr_w_meandist,corr_w_invmeandist,feature_stability_cos
ModelNet40,train_clean,3,md_only,0.0,,3428.718322992325,0.7693089430894309,0.729740680713128,0.6407383680343628,0.00019191322287717352,0.9999999988463617,0.7956833804807355,1.3507563214148244,0.9904968177118609,0.7277147487844409,0.5076985413290114,0.31888168557536467,0.2293354943273906,0.17382495948136142,-0.24056502493913284,0.2696452544594649,0.9832243248820305,-0.9837784422561526,0.6452779386937618
