dataset,train_mode,seed,variant,lambda_ortho,degree_features,time_sec,best_val_acc,test_acc,test_macc,test_ortho_corr,test_w_mean,test_w_min,test_w_max,test_ess_frac,stress_bias_0.0,stress_bias_1.0,stress_bias_2.0,stress_bias_3.0,stress_bias_4.0,corr_w_deg,corr_w_invdeg,corr_w_meandist,corr_w_invmeandist,feature_stability_cos
ModelNet10,train_clean,4,no_coords,0.0,,1241.4313962459564,0.899749373433584,0.8050660792951542,0.7918604612350464,0.0005112568747758735,0.9999990484170747,0.6565390135112562,1.8803372048495108,0.959023348072119,0.8094713656387665,0.6244493392070485,0.44273127753303965,0.3755506607929515,0.34140969162995594,-0.5255497481790371,0.557920305733569,0.8884470280259847,-0.854665194824338,0.6261032766103745
