dataset,train_mode,seed,variant,lambda_ortho,degree_features,time_sec,best_val_acc,test_acc,test_macc,test_ortho_corr,test_w_mean,test_w_min,test_w_max,test_ess_frac,stress_bias_0.0,stress_bias_1.0,stress_bias_2.0,stress_bias_3.0,stress_bias_4.0,corr_w_deg,corr_w_invdeg,corr_w_meandist,corr_w_invmeandist,feature_stability_cos
ModelNet40,train_clean,5,full_point_encoder,0.0,,4460.874599933624,0.8770325203252033,0.8358995137763371,0.7787848711013794,0.0006075732704747709,0.999966379903978,0.5164749133971429,2.2389262714693623,0.9344485940471772,0.8322528363047001,0.7192058346839546,0.46555915721231766,0.29294975688816854,0.19692058346839547,-0.7268723715096712,0.7615426830947399,0.5297555884346365,-0.4764613746665418,0.882660077214241
