dataset,train_mode,seed,variant,lambda_ortho,degree_features,time_sec,best_val_acc,test_acc,test_macc,test_ortho_corr,test_w_mean,test_w_min,test_w_max,test_ess_frac,stress_bias_0.0,stress_bias_1.0,stress_bias_2.0,stress_bias_3.0,stress_bias_4.0,corr_w_deg,corr_w_invdeg,corr_w_meandist,corr_w_invmeandist,feature_stability_cos
ModelNet40,train_clean,2,no_coords,0.0,,3238.1715557575226,0.7713414634146342,0.7175850891410048,0.6434476971626282,0.00016674019500515573,0.9999999930781703,0.8271912401722323,1.2796486916080598,0.9932415116217829,0.7236628849270664,0.5145867098865479,0.3277957860615883,0.24149108589951376,0.1867909238249595,-0.4204072719090618,0.4502182817552239,0.9545424470677972,-0.9480556719005108,0.6728912176936865
