dataset,train_mode,seed,variant,lambda_ortho,degree_features,time_sec,best_val_acc,test_acc,test_macc,test_ortho_corr,test_w_mean,test_w_min,test_w_max,test_ess_frac,stress_bias_0.0,stress_bias_1.0,stress_bias_2.0,stress_bias_3.0,stress_bias_4.0,corr_w_deg,corr_w_invdeg,corr_w_meandist,corr_w_invmeandist,feature_stability_cos
ModelNet10,train_clean,7,deg_only,0.0,log_deg,1240.3011660575867,0.8796992481203008,0.7995594713656388,0.789209246635437,0.00040527544134468034,0.9999909955158568,0.5945313395115367,1.878655981599239,0.9595919502408881,0.8083700440528634,0.6585903083700441,0.5,0.40198237885462557,0.3381057268722467,-0.7515502735972405,0.7823933977633715,0.5246899348217994,-0.47601212011650207,0.687504594437778
