dataset,train_mode,seed,variant,lambda_ortho,degree_features,time_sec,best_val_acc,test_acc,test_macc,test_ortho_corr,test_w_mean,test_w_min,test_w_max,test_ess_frac,stress_bias_0.0,stress_bias_1.0,stress_bias_2.0,stress_bias_3.0,stress_bias_4.0,corr_w_deg,corr_w_invdeg,corr_w_meandist,corr_w_invmeandist,feature_stability_cos
ModelNet40,train_clean,2,full,0.0,,3229.1590378284454,0.7876016260162602,0.7463533225283631,0.6754593253135681,0.000336915708143234,0.9999999992309078,0.6160348463443017,1.254166566941046,0.9743092948390591,0.7346029173419774,0.5826580226904376,0.39222042139384117,0.2824149108589951,0.21231766612641814,-0.08648490344576203,0.07517088906352001,-0.31236349157807125,0.2746830102194508,0.7206103133410215
