dataset,train_mode,seed,variant,lambda_ortho,degree_features,time_sec,best_val_acc,test_acc,test_macc,test_ortho_corr,test_w_mean,test_w_min,test_w_max,test_ess_frac,stress_bias_0.0,stress_bias_1.0,stress_bias_2.0,stress_bias_3.0,stress_bias_4.0,corr_w_deg,corr_w_invdeg,corr_w_meandist,corr_w_invmeandist,feature_stability_cos
ModelNet10,train_clean,9,full,0.0,,1274.7309699058533,0.8947368421052632,0.802863436123348,0.7961627840995789,0.0007901800114236641,1.0,0.5713139144997847,1.9702612182550263,0.9376426841083326,0.8083700440528634,0.6475770925110133,0.4713656387665198,0.3854625550660793,0.2907488986784141,-0.3688513947883621,0.388421197864227,0.35554477131008755,-0.3219663761945412,0.6936858858913183
