dataset,train_mode,seed,variant,lambda_ortho,degree_features,time_sec,best_val_acc,test_acc,test_macc,test_ortho_corr,test_w_mean,test_w_min,test_w_max,test_ess_frac,stress_bias_0.0,stress_bias_1.0,stress_bias_2.0,stress_bias_3.0,stress_bias_4.0,corr_w_deg,corr_w_invdeg,corr_w_meandist,corr_w_invmeandist,feature_stability_cos
ModelNet10,train_clean,2,no_coords,0.0,,1256.4053876399994,0.8922305764411027,0.802863436123348,0.7931860089302063,0.0005736718267782411,0.9999994311416358,0.614715738254681,1.989437498544392,0.9507762120481122,0.7995594713656388,0.5814977973568282,0.3986784140969163,0.31607929515418504,0.2599118942731278,-0.5746492689475418,0.6064303185790777,0.8367262929677963,-0.807415041513741,0.6273893980681896
