dataset,train_mode,seed,variant,lambda_ortho,degree_features,time_sec,best_val_acc,test_acc,test_macc,test_ortho_corr,test_w_mean,test_w_min,test_w_max,test_ess_frac,stress_bias_0.0,stress_bias_1.0,stress_bias_2.0,stress_bias_3.0,stress_bias_4.0,corr_w_deg,corr_w_invdeg,corr_w_meandist,corr_w_invmeandist,feature_stability_cos
ModelNet10,train_clean,7,full_point_encoder,0.0,,1472.2388396263123,0.9423558897243107,0.8601321585903083,0.8546047210693359,0.00017217425141879765,0.9999999989543045,0.8360862993357474,1.35035572972214,0.9928004783496522,0.8678414096916299,0.7830396475770925,0.6651982378854625,0.5154185022026432,0.3854625550660793,-0.5162778373807668,0.5426829082425684,0.7213365969713778,-0.6910818770993501,0.874467288851738
