dataset,train_mode,seed,variant,lambda_ortho,degree_features,time_sec,best_val_acc,test_acc,test_macc,test_ortho_corr,test_w_mean,test_w_min,test_w_max,test_ess_frac,stress_bias_0.0,stress_bias_1.0,stress_bias_2.0,stress_bias_3.0,stress_bias_4.0,corr_w_deg,corr_w_invdeg,corr_w_meandist,corr_w_invmeandist,feature_stability_cos
ScanObjectNN,train_clean,1,no_coords,0.0,,741.5301795005798,0.6493506493506493,0.6058519793459552,0.549043595790863,0.0001134927076998645,1.0,0.5015663182413256,1.271156272372684,0.9852884154062014,0.6041308089500861,0.5249569707401033,0.4629948364888124,0.3407917383820998,0.27538726333907054,0.33690291469192746,-0.367309129179921,-0.9625560509040951,0.9607625883072615,0.7274794220179319
