dataset,train_mode,seed,variant,lambda_ortho,degree_features,time_sec,best_val_acc,test_acc,test_macc,test_ortho_corr,test_w_mean,test_w_min,test_w_max,test_ess_frac,stress_bias_0.0,stress_bias_1.0,stress_bias_2.0,stress_bias_3.0,stress_bias_4.0,corr_w_deg,corr_w_invdeg,corr_w_meandist,corr_w_invmeandist,feature_stability_cos
ScanObjectNN,train_clean,4,no_coords,0.0,,719.2692837715149,0.6233766233766234,0.6196213425129088,0.5691286325454712,0.00011006176312032433,1.0,0.5250567181690319,1.2624245817596849,0.9861507947380478,0.6144578313253012,0.5507745266781411,0.42512908777969016,0.3476764199655766,0.2891566265060241,0.31787472415016965,-0.34958827912341806,-0.9664185002446175,0.9654737563803792,0.7268793070316315
