dataset,train_mode,seed,variant,lambda_ortho,degree_features,time_sec,best_val_acc,test_acc,test_macc,test_ortho_corr,test_w_mean,test_w_min,test_w_max,test_ess_frac,stress_bias_0.0,stress_bias_1.0,stress_bias_2.0,stress_bias_3.0,stress_bias_4.0,corr_w_deg,corr_w_invdeg,corr_w_meandist,corr_w_invmeandist,feature_stability_cos
ModelNet10,train_clean,8,md_only,0.0,,1282.2418575286865,0.8796992481203008,0.7984581497797357,0.7780464887619019,0.0003938390920602455,0.9999999424867463,0.6312772359764367,1.4665439400756568,0.9707404040453727,0.8006607929515418,0.6013215859030837,0.43171806167400884,0.3579295154185022,0.27312775330396477,-0.19165382912688073,0.2195045395730631,0.9543433867394924,-0.9899572802707552,0.6447380485385656
