dataset,train_mode,seed,variant,lambda_ortho,degree_features,time_sec,best_val_acc,test_acc,test_macc,test_ortho_corr,test_w_mean,test_w_min,test_w_max,test_ess_frac,stress_bias_0.0,stress_bias_1.0,stress_bias_2.0,stress_bias_3.0,stress_bias_4.0,corr_w_deg,corr_w_invdeg,corr_w_meandist,corr_w_invmeandist,feature_stability_cos
ModelNet40,train_clean,2,md_only,0.0,,3330.0344347953796,0.766260162601626,0.7358184764991896,0.6498256325721741,0.00014450839099158804,0.9999999988463617,0.8370818803387303,1.244663376961985,0.9945209637764961,0.7256888168557536,0.5251215559157212,0.3500810372771475,0.26094003241491087,0.21150729335494328,-0.24269177073583706,0.27085199794673825,0.9771090757101775,-0.9873411878943443,0.6696497584879398
