dataset,train_mode,seed,variant,lambda_ortho,degree_features,time_sec,best_val_acc,test_acc,test_macc,test_ortho_corr,test_w_mean,test_w_min,test_w_max,test_ess_frac,stress_bias_0.0,stress_bias_1.0,stress_bias_2.0,stress_bias_3.0,stress_bias_4.0,corr_w_deg,corr_w_invdeg,corr_w_meandist,corr_w_invmeandist,feature_stability_cos
ModelNet10,train_clean,5,full,0.0,,1231.5945646762848,0.8972431077694235,0.8270925110132159,0.814930260181427,0.004962153983988652,1.0,0.03508517033907609,1.8650100754018415,0.7476431131362915,0.8348017621145375,0.7477973568281938,0.579295154185022,0.45484581497797355,0.3303964757709251,0.03348506970960443,-0.04178862873050093,-0.18048414020850032,0.15915504965669242,0.6778721908479929
