dataset,train_mode,seed,variant,lambda_ortho,degree_features,time_sec,best_val_acc,test_acc,test_macc,test_ortho_corr,test_w_mean,test_w_min,test_w_max,test_ess_frac,stress_bias_0.0,stress_bias_1.0,stress_bias_2.0,stress_bias_3.0,stress_bias_4.0,corr_w_deg,corr_w_invdeg,corr_w_meandist,corr_w_invmeandist,feature_stability_cos
ScanObjectNN,train_clean,3,deg_only,0.0,log_deg,692.4252552986145,0.6406926406926406,0.5800344234079173,0.5206505656242371,2.5228230181194187e-05,1.0,0.6582083814852947,1.3122344919153162,0.9880829179609144,0.576592082616179,0.4991394148020654,0.43029259896729777,0.3253012048192771,0.2719449225473322,0.8428442245349288,-0.8594077287241817,-0.4256936723133549,0.39296884739305826,0.7507578853517771
