dataset,train_mode,seed,variant,lambda_ortho,degree_features,time_sec,best_val_acc,test_acc,test_macc,test_ortho_corr,test_w_mean,test_w_min,test_w_max,test_ess_frac,stress_bias_0.0,stress_bias_1.0,stress_bias_2.0,stress_bias_3.0,stress_bias_4.0,corr_w_deg,corr_w_invdeg,corr_w_meandist,corr_w_invmeandist,feature_stability_cos
ModelNet10,train_clean,4,full_point_encoder,0.0,,1734.0075144767761,0.9624060150375939,0.8953744493392071,0.8918604850769043,7.229229901751846e-05,0.9999999968629134,0.7784464003746969,1.143268112550702,0.9953985423372503,0.8909691629955947,0.8050660792951542,0.6222466960352423,0.44052863436123346,0.31497797356828194,0.3194405775624546,-0.34321568212762943,-0.7122535037342459,0.708650866150856,0.9432468700408936
