dataset,train_mode,seed,variant,lambda_ortho,degree_features,time_sec,best_val_acc,test_acc,test_macc,test_ortho_corr,test_w_mean,test_w_min,test_w_max,test_ess_frac,stress_bias_0.0,stress_bias_1.0,stress_bias_2.0,stress_bias_3.0,stress_bias_4.0,corr_w_deg,corr_w_invdeg,corr_w_meandist,corr_w_invmeandist,feature_stability_cos
ModelNet40,train_clean,4,deg_only,0.0,log_deg,3110.9707577228546,0.7652439024390244,0.7260940032414911,0.6613256335258484,7.737554161952088e-05,1.0,0.9518250107765198,1.0630155663336478,0.9996311645353994,0.7228525121555915,0.5640194489465153,0.3918152350081037,0.26418152350081037,0.206645056726094,-0.8259717771783471,0.8482157768681645,0.49270745236426594,-0.4566431718878448,0.6996757279336453
