dataset,train_mode,seed,variant,lambda_ortho,degree_features,time_sec,best_val_acc,test_acc,test_macc,test_ortho_corr,test_w_mean,test_w_min,test_w_max,test_ess_frac,stress_bias_0.0,stress_bias_1.0,stress_bias_2.0,stress_bias_3.0,stress_bias_4.0,corr_w_deg,corr_w_invdeg,corr_w_meandist,corr_w_invmeandist,feature_stability_cos
ScanObjectNN,train_clean,5,no_coords,0.0,,729.7256071567535,0.6406926406926406,0.5920826161790017,0.5169876217842102,0.0001273659721403886,1.0,0.5149138432902258,1.271375862327782,0.9856758890925227,0.6041308089500861,0.5111876075731497,0.4440619621342513,0.37005163511187605,0.3046471600688468,0.18732277208655432,-0.2170289860208868,-0.9852184763178229,0.9873862138018012,0.7448507872223854
