dataset,train_mode,seed,variant,lambda_ortho,degree_features,time_sec,best_val_acc,test_acc,test_macc,test_ortho_corr,test_w_mean,test_w_min,test_w_max,test_ess_frac,stress_bias_0.0,stress_bias_1.0,stress_bias_2.0,stress_bias_3.0,stress_bias_4.0,corr_w_deg,corr_w_invdeg,corr_w_meandist,corr_w_invmeandist,feature_stability_cos
ModelNet40,train_clean,5,no_coords,0.0,,3404.7466831207275,0.7784552845528455,0.7491896272285251,0.6734011173248291,0.00014782510099335452,0.9999999996154539,0.7109233752373726,1.302148385201731,0.9875023230429618,0.7321717990275527,0.5097244732576985,0.3156401944894652,0.23055105348460292,0.15437601296596434,-0.3176911347109126,0.3033581566523935,-0.7443733518943191,0.771420746203512,0.677798084616661
