dataset,train_mode,seed,variant,lambda_ortho,degree_features,time_sec,best_val_acc,test_acc,test_macc,test_ortho_corr,test_w_mean,test_w_min,test_w_max,test_ess_frac,stress_bias_0.0,stress_bias_1.0,stress_bias_2.0,stress_bias_3.0,stress_bias_4.0,corr_w_deg,corr_w_invdeg,corr_w_meandist,corr_w_invmeandist,feature_stability_cos
ScanObjectNN,train_clean,7,deg_only,0.0,log_deg,705.449070930481,0.6493506493506493,0.5869191049913941,0.5385017395019531,3.0511210334716942e-05,0.9999999983890636,0.6139033340119027,1.3753759699898798,0.983450627004778,0.5903614457831325,0.5473321858864028,0.40963855421686746,0.3493975903614458,0.2719449225473322,0.8472054410725832,-0.8629983492195606,-0.42030257093720136,0.39100808277726173,0.7454203127324581
