dataset,train_mode,seed,variant,lambda_ortho,degree_features,time_sec,best_val_acc,test_acc,test_macc,test_ortho_corr,test_w_mean,test_w_min,test_w_max,test_ess_frac,stress_bias_0.0,stress_bias_1.0,stress_bias_2.0,stress_bias_3.0,stress_bias_4.0,corr_w_deg,corr_w_invdeg,corr_w_meandist,corr_w_invmeandist,feature_stability_cos
ScanObjectNN,train_clean,7,full_point_encoder,0.0,,876.9683661460876,0.683982683982684,0.6471600688468159,0.5746740102767944,0.00013951227171944352,1.0000000016109363,0.544964803231729,1.274841840202744,0.9861121338766974,0.6695352839931153,0.6075731497418244,0.45438898450946646,0.3270223752151463,0.24096385542168675,0.0836107382658156,-0.11224538350993499,-0.9533301498740911,0.9587209947407246,0.7900203463435173
