dataset,train_mode,seed,variant,lambda_ortho,degree_features,time_sec,best_val_acc,test_acc,test_macc,test_ortho_corr,test_w_mean,test_w_min,test_w_max,test_ess_frac,stress_bias_0.0,stress_bias_1.0,stress_bias_2.0,stress_bias_3.0,stress_bias_4.0,corr_w_deg,corr_w_invdeg,corr_w_meandist,corr_w_invmeandist,feature_stability_cos
ModelNet40,train_clean,1,no_coords,0.0,,3118.5157594680786,0.758130081300813,0.7313614262560778,0.661034882068634,0.0001791316356825372,0.9999999511626458,0.8173297286033631,1.340860503719699,0.9921287498166484,0.726904376012966,0.5085089141004863,0.33508914100486226,0.2293354943273906,0.17949756888168558,-0.39209062105510384,0.42357089635916056,0.9625893352553249,-0.9490958154201508,0.637659927457571
