dataset,train_mode,seed,variant,lambda_ortho,degree_features,time_sec,best_val_acc,test_acc,test_macc,test_ortho_corr,test_w_mean,test_w_min,test_w_max,test_ess_frac,stress_bias_0.0,stress_bias_1.0,stress_bias_2.0,stress_bias_3.0,stress_bias_4.0,corr_w_deg,corr_w_invdeg,corr_w_meandist,corr_w_invmeandist,feature_stability_cos
ModelNet40,train_clean,9,no_coords,0.0,,3341.2505600452423,0.75,0.7212317666126418,0.6381802558898926,0.00020228087533107628,0.9999999088625754,0.8065641564707602,1.388795671924468,0.990356917150559,0.7329821717990276,0.5141815235008104,0.3358995137763371,0.2346029173419773,0.1839546191247974,-0.4291996124433354,0.45924710342660546,0.959490260668099,-0.9399603432044387,0.6298951680958271
