dataset,train_mode,seed,variant,lambda_ortho,degree_features,time_sec,best_val_acc,test_acc,test_macc,test_ortho_corr,test_w_mean,test_w_min,test_w_max,test_ess_frac,stress_bias_0.0,stress_bias_1.0,stress_bias_2.0,stress_bias_3.0,stress_bias_4.0,corr_w_deg,corr_w_invdeg,corr_w_meandist,corr_w_invmeandist,feature_stability_cos
ModelNet40,train_clean,3,deg_only,0.0,log_deg,3154.5660996437073,0.7540650406504065,0.7155591572123177,0.6490000486373901,6.375450032083468e-05,0.9999999973081773,0.9898416788347306,1.0127723878429782,0.9999843105193107,0.7301458670988655,0.5733387358184765,0.39546191247974066,0.27836304700162073,0.2106969205834684,-0.8305458938702941,0.8519409691914916,0.48830292308703066,-0.4552307087928057,0.71486162930727
