dataset,train_mode,seed,variant,lambda_ortho,degree_features,time_sec,best_val_acc,test_acc,test_macc,test_ortho_corr,test_w_mean,test_w_min,test_w_max,test_ess_frac,stress_bias_0.0,stress_bias_1.0,stress_bias_2.0,stress_bias_3.0,stress_bias_4.0,corr_w_deg,corr_w_invdeg,corr_w_meandist,corr_w_invmeandist,feature_stability_cos
ModelNet10,train_clean,8,full,0.0,,1235.3549962043762,0.9147869674185464,0.8392070484581498,0.8268138766288757,0.004357265859940334,1.0,0.08978431247860978,1.9165507513180113,0.7638491684930366,0.8447136563876652,0.7279735682819384,0.5936123348017621,0.4262114537444934,0.3491189427312775,0.06633068168557657,-0.07478852938502314,-0.21267250995470022,0.19286610999897674,0.7033786959946156
