dataset,train_mode,seed,variant,lambda_ortho,degree_features,time_sec,best_val_acc,test_acc,test_macc,test_ortho_corr,test_w_mean,test_w_min,test_w_max,test_ess_frac,stress_bias_0.0,stress_bias_1.0,stress_bias_2.0,stress_bias_3.0,stress_bias_4.0,corr_w_deg,corr_w_invdeg,corr_w_meandist,corr_w_invmeandist,feature_stability_cos
ScanObjectNN,train_clean,2,full_point_encoder,0.0,,996.5383486747742,0.6883116883116883,0.657487091222031,0.5899327993392944,0.00011099154102880307,1.0,0.6174553455533208,1.2366006052171863,0.9896550130199742,0.6695352839931153,0.6110154905335629,0.4578313253012048,0.387263339070568,0.27882960413080893,0.13183908399005304,-0.15978357987924027,-0.9097641967236996,0.915740517899394,0.7763995626568794
