dataset,train_mode,seed,variant,lambda_ortho,degree_features,time_sec,best_val_acc,test_acc,test_macc,test_ortho_corr,test_w_mean,test_w_min,test_w_max,test_ess_frac,stress_bias_0.0,stress_bias_1.0,stress_bias_2.0,stress_bias_3.0,stress_bias_4.0,corr_w_deg,corr_w_invdeg,corr_w_meandist,corr_w_invmeandist,feature_stability_cos
ScanObjectNN,train_clean,5,full_point_encoder,0.0,,1047.7064361572266,0.7316017316017316,0.6506024096385542,0.5956952571868896,0.00015712403015837677,1.0,0.5302468957127752,1.299947039501087,0.9842472994649732,0.6695352839931153,0.5938037865748709,0.4475043029259897,0.3528399311531842,0.2977624784853701,0.07004221172082907,-0.0967734454348829,-0.9124758960679173,0.9208526995033026,0.7692636200785636
