dataset,train_mode,seed,variant,lambda_ortho,degree_features,time_sec,best_val_acc,test_acc,test_macc,test_ortho_corr,test_w_mean,test_w_min,test_w_max,test_ess_frac,stress_bias_0.0,stress_bias_1.0,stress_bias_2.0,stress_bias_3.0,stress_bias_4.0,corr_w_deg,corr_w_invdeg,corr_w_meandist,corr_w_invmeandist,feature_stability_cos
ScanObjectNN,train_clean,6,deg_only,0.0,log_deg,704.1482586860657,0.6017316017316018,0.5972461273666093,0.5720095038414001,2.541530763689504e-05,1.0,0.6604090010797655,1.287191452206792,0.9890362265947703,0.6144578313253012,0.5352839931153184,0.42168674698795183,0.2977624784853701,0.26506024096385544,0.8336517980322242,-0.8525613041594624,-0.425638049794361,0.3912698444444686,0.7358444561064243
