dataset,train_mode,seed,variant,lambda_ortho,degree_features,time_sec,best_val_acc,test_acc,test_macc,test_ortho_corr,test_w_mean,test_w_min,test_w_max,test_ess_frac,stress_bias_0.0,stress_bias_1.0,stress_bias_2.0,stress_bias_3.0,stress_bias_4.0,corr_w_deg,corr_w_invdeg,corr_w_meandist,corr_w_invmeandist,feature_stability_cos
ModelNet10,train_clean,9,md_only,0.0,,1285.8910562992096,0.87468671679198,0.7995594713656388,0.7812093496322632,0.00024096012458086765,0.9999999989543045,0.40282851764768884,1.326296095262494,0.9747825672751979,0.7973568281938326,0.6365638766519823,0.4251101321585903,0.31057268722466963,0.22466960352422907,0.20896707370047807,-0.2379810717480723,-0.9934486428275704,0.9787228293716908,0.6776456666737795
