dataset,train_mode,seed,variant,lambda_ortho,degree_features,time_sec,best_val_acc,test_acc,test_macc,test_ortho_corr,test_w_mean,test_w_min,test_w_max,test_ess_frac,stress_bias_0.0,stress_bias_1.0,stress_bias_2.0,stress_bias_3.0,stress_bias_4.0,corr_w_deg,corr_w_invdeg,corr_w_meandist,corr_w_invmeandist,feature_stability_cos
ScanObjectNN,train_clean,1,full_point_encoder,0.0,,1038.9707674980164,0.696969696969697,0.6540447504302926,0.5981422066688538,0.0001273392514810218,0.9999999967781273,0.5848822078189334,1.2707142475489024,0.987501817780572,0.6333907056798623,0.612736660929432,0.4578313253012048,0.31841652323580033,0.2547332185886403,0.07767611562697993,-0.10603486825784784,-0.9465153409168124,0.9579157112166286,0.7714797720313072
