dataset,train_mode,seed,variant,lambda_ortho,degree_features,time_sec,best_val_acc,test_acc,test_macc,test_ortho_corr,test_w_mean,test_w_min,test_w_max,test_ess_frac,stress_bias_0.0,stress_bias_1.0,stress_bias_2.0,stress_bias_3.0,stress_bias_4.0,corr_w_deg,corr_w_invdeg,corr_w_meandist,corr_w_invmeandist,feature_stability_cos
ModelNet40,train_clean,5,full,0.0,,3225.2802431583405,0.7977642276422764,0.7512155591572123,0.6767964959144592,0.0007217243575723842,0.9999999980772695,0.33494662885223664,1.2722787434054958,0.9476068623604313,0.756482982171799,0.6029173419773096,0.3893841166936791,0.2755267423014587,0.1920583468395462,0.04860377656532364,-0.06642944809791515,-0.19388296819961398,0.15156355510152936,0.7260197836905717
