dataset,train_mode,seed,variant,lambda_ortho,degree_features,time_sec,best_val_acc,test_acc,test_macc,test_ortho_corr,test_w_mean,test_w_min,test_w_max,test_ess_frac,stress_bias_0.0,stress_bias_1.0,stress_bias_2.0,stress_bias_3.0,stress_bias_4.0,corr_w_deg,corr_w_invdeg,corr_w_meandist,corr_w_invmeandist,feature_stability_cos
ModelNet10,train_clean,2,md_only,0.0,,1243.8418338298798,0.8897243107769424,0.8127753303964758,0.800000011920929,0.0003556176220228193,0.9999999445781373,0.6433340488818654,1.369362996335615,0.9738231207195082,0.801762114537445,0.5759911894273128,0.43612334801762115,0.34691629955947134,0.2753303964757709,-0.19211639880832082,0.2181728770417976,0.9173740390688181,-0.9769139431416989,0.6188492325693369
