dataset,train_mode,seed,variant,lambda_ortho,degree_features,time_sec,best_val_acc,test_acc,test_macc,test_ortho_corr,test_w_mean,test_w_min,test_w_max,test_ess_frac,stress_bias_0.0,stress_bias_1.0,stress_bias_2.0,stress_bias_3.0,stress_bias_4.0,corr_w_deg,corr_w_invdeg,corr_w_meandist,corr_w_invmeandist,feature_stability_cos
ScanObjectNN,train_clean,3,no_coords,0.0,,757.7962849140167,0.6406926406926406,0.5989672977624785,0.5349751710891724,8.500551789561664e-05,1.0,0.5799597799777985,1.235815718367293,0.9890753949010694,0.6075731497418244,0.5249569707401033,0.4406196213425129,0.36316695352839934,0.2943201376936317,0.3746146646648413,-0.4046823664568365,-0.9486148899421096,0.9483127478510142,0.7407380826771259
