dataset,train_mode,seed,variant,lambda_ortho,degree_features,time_sec,best_val_acc,test_acc,test_macc,test_ortho_corr,test_w_mean,test_w_min,test_w_max,test_ess_frac,stress_bias_0.0,stress_bias_1.0,stress_bias_2.0,stress_bias_3.0,stress_bias_4.0,corr_w_deg,corr_w_invdeg,corr_w_meandist,corr_w_invmeandist,feature_stability_cos
ModelNet10,train_clean,3,no_coords,0.0,,1259.502098083496,0.8771929824561403,0.7874449339207048,0.7728139162063599,0.0005326692072119107,0.9999822848721555,0.6169394421995732,1.86908477440215,0.954044873254341,0.7841409691629956,0.6266519823788547,0.4129955947136564,0.36123348017621143,0.29405286343612336,-0.586873020301573,0.619200702290982,0.8106726614758373,-0.7977997764945031,0.6359802565723658
