dataset,train_mode,seed,variant,lambda_ortho,degree_features,time_sec,best_val_acc,test_acc,test_macc,test_ortho_corr,test_w_mean,test_w_min,test_w_max,test_ess_frac,stress_bias_0.0,stress_bias_1.0,stress_bias_2.0,stress_bias_3.0,stress_bias_4.0,corr_w_deg,corr_w_invdeg,corr_w_meandist,corr_w_invmeandist,feature_stability_cos
ScanObjectNN,train_clean,6,md_only,0.0,,726.4974608421326,0.6103896103896104,0.6024096385542169,0.5579931139945984,0.00011707071098499,1.0,0.5472150912155976,1.2561965568645581,0.9878717419263479,0.6058519793459552,0.4939759036144578,0.42168674698795183,0.3287435456110155,0.270223752151463,0.13156093334473554,-0.160481412091292,-0.9879541974514723,0.9896502690389752,0.7336532612890005
