dataset,train_mode,seed,variant,lambda_ortho,degree_features,time_sec,best_val_acc,test_acc,test_macc,test_ortho_corr,test_w_mean,test_w_min,test_w_max,test_ess_frac,stress_bias_0.0,stress_bias_1.0,stress_bias_2.0,stress_bias_3.0,stress_bias_4.0,corr_w_deg,corr_w_invdeg,corr_w_meandist,corr_w_invmeandist,feature_stability_cos
ModelNet10,train_clean,1,full,0.0,,1277.261748790741,0.9122807017543859,0.8656387665198237,0.8575581312179565,0.005563665324364577,1.0,0.018504033780086422,1.9085552776068972,0.7220263972617033,0.8579295154185022,0.7709251101321586,0.6046255506607929,0.4658590308370044,0.3755506607929515,0.0147998448490398,-0.023985251980593602,-0.17558325298014096,0.15178532432173597,0.7156397192180157
