dataset,train_mode,seed,variant,lambda_ortho,degree_features,time_sec,best_val_acc,test_acc,test_macc,test_ortho_corr,test_w_mean,test_w_min,test_w_max,test_ess_frac,stress_bias_0.0,stress_bias_1.0,stress_bias_2.0,stress_bias_3.0,stress_bias_4.0,corr_w_deg,corr_w_invdeg,corr_w_meandist,corr_w_invmeandist,feature_stability_cos
ModelNet40,train_clean,4,md_only,0.0,,3320.0758788585663,0.7764227642276422,0.7317666126418152,0.654575526714325,0.00014187457380748745,0.9999999996154539,0.8420046437171198,1.2525241836424796,0.994759157780678,0.7220421393841167,0.5145867098865479,0.33225283630470015,0.2366288492706645,0.1952998379254457,-0.23989234967375522,0.2679599483992206,0.9780525911599398,-0.9844593489542603,0.6524959092587233
