dataset,train_mode,seed,variant,lambda_ortho,degree_features,time_sec,best_val_acc,test_acc,test_macc,test_ortho_corr,test_w_mean,test_w_min,test_w_max,test_ess_frac,stress_bias_0.0,stress_bias_1.0,stress_bias_2.0,stress_bias_3.0,stress_bias_4.0,corr_w_deg,corr_w_invdeg,corr_w_meandist,corr_w_invmeandist,feature_stability_cos
ModelNet40,train_clean,3,full,0.0,,3138.500100374222,0.7804878048780488,0.7581037277147488,0.6915174722671509,0.0014112085254201967,0.9999999996154539,0.21896171055794242,1.4423956501868462,0.9037799169940334,0.7544570502431118,0.6195299837925445,0.4128849270664506,0.2884927066450567,0.21353322528363047,0.14148679889876803,-0.15642191503502545,-0.13767366341380693,0.10070921548704063,0.7224229027330875
