dataset,train_mode,seed,variant,lambda_ortho,degree_features,time_sec,best_val_acc,test_acc,test_macc,test_ortho_corr,test_w_mean,test_w_min,test_w_max,test_ess_frac,stress_bias_0.0,stress_bias_1.0,stress_bias_2.0,stress_bias_3.0,stress_bias_4.0,corr_w_deg,corr_w_invdeg,corr_w_meandist,corr_w_invmeandist,feature_stability_cos
ModelNet40,train_clean,7,full_point_encoder,0.0,,4479.890460729599,0.8607723577235772,0.8144246353322528,0.7642267942428589,7.916920559739904e-05,0.9999999988463617,0.7442720763144954,1.1646166632252355,0.9939337734253176,0.8119935170178282,0.6766612641815235,0.4376012965964344,0.2791734197730956,0.18962722852512157,0.30392413287772796,-0.3307696647825651,-0.8620371907949448,0.8551091161556542,0.9752139836549759
