dataset,train_mode,seed,variant,lambda_ortho,degree_features,time_sec,best_val_acc,test_acc,test_macc,test_ortho_corr,test_w_mean,test_w_min,test_w_max,test_ess_frac,stress_bias_0.0,stress_bias_1.0,stress_bias_2.0,stress_bias_3.0,stress_bias_4.0,corr_w_deg,corr_w_invdeg,corr_w_meandist,corr_w_invmeandist,feature_stability_cos
ModelNet40,train_clean,7,no_coords,0.0,,3209.071766138077,0.7642276422764228,0.7346029173419774,0.6707733273506165,0.00012107049786267923,0.9999999992309078,0.7417074899519643,1.2360088448370656,0.9909700851286611,0.7431118314424635,0.5255267423014587,0.3399513776337115,0.2354132901134522,0.16693679092382496,-0.3321442147898779,0.31667896746948826,-0.731368110794574,0.7554644326679408,0.6778122443705797
