dataset,train_mode,seed,variant,lambda_ortho,degree_features,time_sec,best_val_acc,test_acc,test_macc,test_ortho_corr,test_w_mean,test_w_min,test_w_max,test_ess_frac,stress_bias_0.0,stress_bias_1.0,stress_bias_2.0,stress_bias_3.0,stress_bias_4.0,corr_w_deg,corr_w_invdeg,corr_w_meandist,corr_w_invmeandist,feature_stability_cos
ModelNet10,train_clean,6,full,0.0,,1226.701187133789,0.8922305764411027,0.8116740088105727,0.801837146282196,0.0014485424566246046,0.9999999477152239,0.49437951100500005,2.5594962584344962,0.8840406223347312,0.8204845814977973,0.6773127753303965,0.5176211453744494,0.4129955947136564,0.3722466960352423,-0.35254970979876815,0.3776626726379618,0.52349642963527,-0.5035662418202265,0.6617069219052791
