dataset,train_mode,seed,variant,lambda_ortho,degree_features,time_sec,best_val_acc,test_acc,test_macc,test_ortho_corr,test_w_mean,test_w_min,test_w_max,test_ess_frac,stress_bias_0.0,stress_bias_1.0,stress_bias_2.0,stress_bias_3.0,stress_bias_4.0,corr_w_deg,corr_w_invdeg,corr_w_meandist,corr_w_invmeandist,feature_stability_cos
ScanObjectNN,train_clean,9,full,0.0,,723.2058236598969,0.6277056277056277,0.5920826161790017,0.5167490243911743,0.00021440944023984107,0.9999999983890636,0.4716773886938353,1.2676216428344314,0.9795605169760214,0.5903614457831325,0.5215146299483648,0.42512908777969016,0.38209982788296043,0.35800344234079173,0.16934296480794728,-0.19625761648640036,-0.7480779367149808,0.7327957179630176,0.7489141272008419
