dataset,train_mode,seed,variant,lambda_ortho,degree_features,time_sec,best_val_acc,test_acc,test_macc,test_ortho_corr,test_w_mean,test_w_min,test_w_max,test_ess_frac,stress_bias_0.0,stress_bias_1.0,stress_bias_2.0,stress_bias_3.0,stress_bias_4.0,corr_w_deg,corr_w_invdeg,corr_w_meandist,corr_w_invmeandist,feature_stability_cos
ModelNet10,train_clean,4,full,0.0,,1240.124353170395,0.9398496240601504,0.8458149779735683,0.8370929956436157,0.0055967783412422265,0.9999999989543045,0.015093192879424334,1.937527660737958,0.7187489396647403,0.8579295154185022,0.7852422907488987,0.6310572687224669,0.44823788546255505,0.381057268722467,0.054963686961127675,-0.06392921729220688,-0.1970990934153633,0.18018117124920535,0.7003063935041428
