dataset,train_mode,seed,variant,lambda_ortho,degree_features,time_sec,best_val_acc,test_acc,test_macc,test_ortho_corr,test_w_mean,test_w_min,test_w_max,test_ess_frac,stress_bias_0.0,stress_bias_1.0,stress_bias_2.0,stress_bias_3.0,stress_bias_4.0,corr_w_deg,corr_w_invdeg,corr_w_meandist,corr_w_invmeandist,feature_stability_cos
ScanObjectNN,train_clean,8,md_only,0.0,,732.5402927398682,0.6147186147186147,0.6006884681583476,0.5491710305213928,0.00013795189364385364,1.0,0.5055856092556102,1.286743756887075,0.984911103506346,0.5903614457831325,0.5283993115318416,0.4079173838209983,0.33390705679862304,0.28055077452667815,0.14404993535740687,-0.17268779532687403,-0.9865525171160698,0.9901010194793344,0.7288522591441869
