dataset,train_mode,seed,variant,lambda_ortho,degree_features,time_sec,best_val_acc,test_acc,test_macc,test_ortho_corr,test_w_mean,test_w_min,test_w_max,test_ess_frac,stress_bias_0.0,stress_bias_1.0,stress_bias_2.0,stress_bias_3.0,stress_bias_4.0,corr_w_deg,corr_w_invdeg,corr_w_meandist,corr_w_invmeandist,feature_stability_cos
ScanObjectNN,train_clean,3,full,0.0,,730.7498395442963,0.6406926406926406,0.6196213425129088,0.5532912611961365,0.0002357733016676345,0.9999999967781273,0.4558258370773212,1.3068325036280863,0.9763321779869698,0.612736660929432,0.5352839931153184,0.4406196213425129,0.36316695352839934,0.27538726333907054,0.1904289478553153,-0.21790281672438142,-0.7387953838799148,0.7303819611435756,0.7473266647756099
