dataset,train_mode,seed,variant,lambda_ortho,degree_features,time_sec,best_val_acc,test_acc,test_macc,test_ortho_corr,test_w_mean,test_w_min,test_w_max,test_ess_frac,stress_bias_0.0,stress_bias_1.0,stress_bias_2.0,stress_bias_3.0,stress_bias_4.0,corr_w_deg,corr_w_invdeg,corr_w_meandist,corr_w_invmeandist,feature_stability_cos
ScanObjectNN,train_clean,7,md_only,0.0,,726.1604657173157,0.6190476190476191,0.5938037865748709,0.530556857585907,0.0001161038048480436,1.0,0.5628452156041119,1.2593583190763318,0.9880356563104166,0.5903614457831325,0.5301204819277109,0.4388984509466437,0.3958691910499139,0.29259896729776247,0.1394329424820171,-0.1690565340997182,-0.9856429001316428,0.9910921171307564,0.7383649718761444
