dataset,train_mode,seed,variant,lambda_ortho,degree_features,time_sec,best_val_acc,test_acc,test_macc,test_ortho_corr,test_w_mean,test_w_min,test_w_max,test_ess_frac,stress_bias_0.0,stress_bias_1.0,stress_bias_2.0,stress_bias_3.0,stress_bias_4.0,corr_w_deg,corr_w_invdeg,corr_w_meandist,corr_w_invmeandist,feature_stability_cos
ModelNet10,train_clean,0,full_point_encoder,0.0,,1482.9112131595612,0.9298245614035088,0.8887665198237885,0.8842325210571289,0.00010470976702523777,0.9999999989543045,0.6842432398545114,1.1684374872006869,0.9916890640007822,0.8898678414096917,0.8116740088105727,0.6288546255506607,0.43061674008810574,0.32158590308370044,0.3247512585207005,-0.35317840692623576,-0.8870288691483438,0.8669366064481437,0.9587768039107323
