dataset,train_mode,seed,variant,lambda_ortho,degree_features,time_sec,best_val_acc,test_acc,test_macc,test_ortho_corr,test_w_mean,test_w_min,test_w_max,test_ess_frac,stress_bias_0.0,stress_bias_1.0,stress_bias_2.0,stress_bias_3.0,stress_bias_4.0,corr_w_deg,corr_w_invdeg,corr_w_meandist,corr_w_invmeandist,feature_stability_cos
ModelNet10,train_clean,2,full,0.0,,1254.7274055480957,0.9197994987468672,0.8414096916299559,0.8292790651321411,0.004401431045200872,0.9999999989543045,0.06714422692005571,2.068155332615501,0.7625522216161092,0.8513215859030837,0.7070484581497798,0.5198237885462555,0.3975770925110132,0.30726872246696035,-0.08618103803082704,0.07766923097159975,-0.18115417474036805,0.15545267093657458,0.6803770854324103
