dataset,train_mode,seed,variant,lambda_ortho,degree_features,time_sec,best_val_acc,test_acc,test_macc,test_ortho_corr,test_w_mean,test_w_min,test_w_max,test_ess_frac,stress_bias_0.0,stress_bias_1.0,stress_bias_2.0,stress_bias_3.0,stress_bias_4.0,corr_w_deg,corr_w_invdeg,corr_w_meandist,corr_w_invmeandist,feature_stability_cos
ModelNet10,train_clean,4,deg_only,0.0,log_deg,1317.3405606746674,0.8721804511278195,0.7830396475770925,0.7707442045211792,6.034966083876625e-05,0.9980506907429612,0.9980352301346628,0.9982374477804753,1.0,0.7940528634361234,0.6497797356828194,0.48237885462555063,0.3799559471365639,0.31497797356828194,-0.4692799889482558,0.509997433423996,0.5512628868222237,-0.4587486225645989,0.6585787790641189
