dataset,train_mode,seed,variant,lambda_ortho,degree_features,time_sec,best_val_acc,test_acc,test_macc,test_ortho_corr,test_w_mean,test_w_min,test_w_max,test_ess_frac,stress_bias_0.0,stress_bias_1.0,stress_bias_2.0,stress_bias_3.0,stress_bias_4.0,corr_w_deg,corr_w_invdeg,corr_w_meandist,corr_w_invmeandist,feature_stability_cos
ScanObjectNN,train_clean,0,md_only,0.0,,763.6801915168762,0.6190476190476191,0.5869191049913941,0.5398330092430115,0.0001271202797667954,1.0,0.5267647722282925,1.2763305644731264,0.9864827023970114,0.6110154905335629,0.5301204819277109,0.41480206540447506,0.3442340791738382,0.27538726333907054,0.14364563225972232,-0.17263017205777942,-0.9865639789029956,0.9901492744684219,0.7392339713126421
