dataset,train_mode,seed,variant,lambda_ortho,degree_features,time_sec,best_val_acc,test_acc,test_macc,test_ortho_corr,test_w_mean,test_w_min,test_w_max,test_ess_frac,stress_bias_0.0,stress_bias_1.0,stress_bias_2.0,stress_bias_3.0,stress_bias_4.0,corr_w_deg,corr_w_invdeg,corr_w_meandist,corr_w_invmeandist,feature_stability_cos
ModelNet40,train_clean,7,md_only,0.0,,3206.3601520061493,0.7591463414634146,0.7346029173419774,0.6457674503326416,0.0001391797641953153,0.9999999992309078,0.8505020995293894,1.2573360943025158,0.9950735142154078,0.7382495948136143,0.5429497568881686,0.3464343598055105,0.24635332252836303,0.1940842787682334,-0.23638678371862626,0.26463185740285555,0.9809755343943835,-0.9813064385205508,0.6860979422181844
