dataset,train_mode,seed,variant,lambda_ortho,degree_features,time_sec,best_val_acc,test_acc,test_macc,test_ortho_corr,test_w_mean,test_w_min,test_w_max,test_ess_frac,stress_bias_0.0,stress_bias_1.0,stress_bias_2.0,stress_bias_3.0,stress_bias_4.0,corr_w_deg,corr_w_invdeg,corr_w_meandist,corr_w_invmeandist,feature_stability_cos
ModelNet40,train_clean,5,md_only,0.0,,3109.808397769928,0.7723577235772358,0.7277147487844409,0.6512500047683716,8.552349890739988e-05,0.9999999996154539,0.7012682732074491,1.1963205937416324,0.9920978738415626,0.7179902755267423,0.5291734197730956,0.33063209076175043,0.23095623987034036,0.1600486223662885,0.24124305567820556,-0.26976317380140247,-0.9912970082834363,0.9876072941347956,0.6882980307191611
