dataset,train_mode,seed,variant,lambda_ortho,degree_features,time_sec,best_val_acc,test_acc,test_macc,test_ortho_corr,test_w_mean,test_w_min,test_w_max,test_ess_frac,stress_bias_0.0,stress_bias_1.0,stress_bias_2.0,stress_bias_3.0,stress_bias_4.0,corr_w_deg,corr_w_invdeg,corr_w_meandist,corr_w_invmeandist,feature_stability_cos
ModelNet10,train_clean,3,deg_only,0.0,log_deg,1303.1625249385834,0.8822055137844611,0.801762114537445,0.7895581722259521,0.0006778130870467672,0.9999329531401918,0.48560854740310133,2.3974977438909963,0.9204688396370202,0.8039647577092511,0.6817180616740088,0.43612334801762115,0.3920704845814978,0.3370044052863436,-0.7138323932886124,0.7483198424801231,0.5417151033412665,-0.48563187518157064,0.687757579907775
