dataset,train_mode,seed,variant,lambda_ortho,degree_features,time_sec,best_val_acc,test_acc,test_macc,test_ortho_corr,test_w_mean,test_w_min,test_w_max,test_ess_frac,stress_bias_0.0,stress_bias_1.0,stress_bias_2.0,stress_bias_3.0,stress_bias_4.0,corr_w_deg,corr_w_invdeg,corr_w_meandist,corr_w_invmeandist,feature_stability_cos
ModelNet40,train_clean,8,deg_only,0.0,log_deg,3577.240865945816,0.7672764227642277,0.7337925445705025,0.6629942059516907,6.806393590053513e-05,0.9999996535239681,0.9696687886791845,1.2301456620616298,0.9988378359425453,0.7264991896272285,0.5927876823338736,0.3788492706645057,0.27188006482982174,0.21920583468395463,0.1151888266336755,-0.06861485886583978,0.3379172518165433,-0.24272508160320286,0.7036622045189143
