dataset,train_mode,seed,variant,lambda_ortho,degree_features,time_sec,best_val_acc,test_acc,test_macc,test_ortho_corr,test_w_mean,test_w_min,test_w_max,test_ess_frac,stress_bias_0.0,stress_bias_1.0,stress_bias_2.0,stress_bias_3.0,stress_bias_4.0,corr_w_deg,corr_w_invdeg,corr_w_meandist,corr_w_invmeandist,feature_stability_cos
ScanObjectNN,train_clean,1,deg_only,0.0,log_deg,721.0147755146027,0.670995670995671,0.5834767641996558,0.5304625034332275,2.6641803226477743e-05,1.0,0.6474053875820057,1.3125934633048806,0.9875168204307556,0.5886402753872634,0.5249569707401033,0.4010327022375215,0.31841652323580033,0.23235800344234078,0.8390827964991331,-0.8564902774989605,-0.4332449809648097,0.3998285015579313,0.7293615618348122
