dataset,train_mode,seed,variant,lambda_ortho,degree_features,time_sec,best_val_acc,test_acc,test_macc,test_ortho_corr,test_w_mean,test_w_min,test_w_max,test_ess_frac,stress_bias_0.0,stress_bias_1.0,stress_bias_2.0,stress_bias_3.0,stress_bias_4.0,corr_w_deg,corr_w_invdeg,corr_w_meandist,corr_w_invmeandist,feature_stability_cos
ModelNet40,train_clean,0,deg_only,0.0,log_deg,3133.756017923355,0.7520325203252033,0.7155591572123177,0.6543778777122498,6.037530202452364e-05,1.0000001192092896,1.0000001199783817,1.0000001199783817,1.0000001192092896,0.7224473257698542,0.5453808752025932,0.3480551053484603,0.25648298217179905,0.1920583468395462,0.0,-3.269112504991623e-07,2.895481319119264e-09,-3.792182904846508e-09,0.7067119456827641
