dataset,train_mode,seed,variant,lambda_ortho,degree_features,time_sec,best_val_acc,test_acc,test_macc,test_ortho_corr,test_w_mean,test_w_min,test_w_max,test_ess_frac,stress_bias_0.0,stress_bias_1.0,stress_bias_2.0,stress_bias_3.0,stress_bias_4.0,corr_w_deg,corr_w_invdeg,corr_w_meandist,corr_w_invmeandist,feature_stability_cos
ModelNet40,train_clean,1,md_only,0.0,,3218.9884865283966,0.7703252032520326,0.7236628849270664,0.653697669506073,6.778870432049922e-05,0.9999999996154539,0.7919657780278113,1.1813779577132195,0.9949428143039827,0.7228525121555915,0.5494327390599676,0.3752025931928687,0.2576985413290113,0.1859805510534846,0.242610933764081,-0.2711331773549318,-0.9815288268029689,0.9752394801005722,0.6921937683969737
