dataset,train_mode,seed,variant,lambda_ortho,degree_features,time_sec,best_val_acc,test_acc,test_macc,test_ortho_corr,test_w_mean,test_w_min,test_w_max,test_ess_frac,stress_bias_0.0,stress_bias_1.0,stress_bias_2.0,stress_bias_3.0,stress_bias_4.0,corr_w_deg,corr_w_invdeg,corr_w_meandist,corr_w_invmeandist,feature_stability_cos
ScanObjectNN,train_clean,8,no_coords,0.0,,703.8366777896881,0.6233766233766234,0.6075731497418244,0.5382809042930603,0.00010346169025020522,1.0,0.5390553168348364,1.2429898751748574,0.9879318604598174,0.5938037865748709,0.5438898450946644,0.4354561101549053,0.35800344234079173,0.31669535283993117,0.28252036264821073,-0.31236186647147407,-0.9764536639675498,0.9720967872068286,0.7322745827585458
