dataset,train_mode,seed,variant,lambda_ortho,degree_features,time_sec,best_val_acc,test_acc,test_macc,test_ortho_corr,test_w_mean,test_w_min,test_w_max,test_ess_frac,stress_bias_0.0,stress_bias_1.0,stress_bias_2.0,stress_bias_3.0,stress_bias_4.0,corr_w_deg,corr_w_invdeg,corr_w_meandist,corr_w_invmeandist,feature_stability_cos
ScanObjectNN,train_clean,4,md_only,0.0,,725.0598633289337,0.6320346320346321,0.5800344234079173,0.5181699991226196,0.00012829341662959573,1.0,0.5203032703013033,1.2696937644803845,0.9863487852586282,0.5834767641996558,0.5180722891566265,0.3528399311531842,0.3132530120481928,0.2633390705679862,0.14102175858351984,-0.17161547360083204,-0.988869589008391,0.9890845790505409,0.7281222136318684
