dataset,train_mode,seed,variant,lambda_ortho,degree_features,time_sec,best_val_acc,test_acc,test_macc,test_ortho_corr,test_w_mean,test_w_min,test_w_max,test_ess_frac,stress_bias_0.0,stress_bias_1.0,stress_bias_2.0,stress_bias_3.0,stress_bias_4.0,corr_w_deg,corr_w_invdeg,corr_w_meandist,corr_w_invmeandist,feature_stability_cos
ScanObjectNN,train_clean,2,no_coords,0.0,,728.1971182823181,0.6103896103896104,0.6024096385542169,0.5416837334632874,9.698996851708412e-05,0.9999999983890636,0.5643177193564337,1.2432129640836973,0.9882848874942677,0.6161790017211703,0.53184165232358,0.4165232358003442,0.33562822719449226,0.270223752151463,0.3100279835416586,-0.340861790064082,-0.9670096324756742,0.9670291341841221,0.7465514939278364
