dataset,train_mode,seed,variant,lambda_ortho,degree_features,time_sec,best_val_acc,test_acc,test_macc,test_ortho_corr,test_w_mean,test_w_min,test_w_max,test_ess_frac,stress_bias_0.0,stress_bias_1.0,stress_bias_2.0,stress_bias_3.0,stress_bias_4.0,corr_w_deg,corr_w_invdeg,corr_w_meandist,corr_w_invmeandist,feature_stability_cos
ModelNet40,train_clean,7,full,0.0,,3273.6347913742065,0.801829268292683,0.7560777957860616,0.6813372373580933,0.000640226072104152,0.9999999996154539,0.3622680493900853,1.2556692492577337,0.9538904393872907,0.75,0.5996758508914101,0.39019448946515395,0.28444084278768234,0.21515397082658022,-0.018530994839966296,0.0029566451114078516,-0.1592941593286014,0.12504621390253307,0.7381947445124388
