dataset,train_mode,seed,variant,lambda_ortho,degree_features,time_sec,best_val_acc,test_acc,test_macc,test_ortho_corr,test_w_mean,test_w_min,test_w_max,test_ess_frac,stress_bias_0.0,stress_bias_1.0,stress_bias_2.0,stress_bias_3.0,stress_bias_4.0,corr_w_deg,corr_w_invdeg,corr_w_meandist,corr_w_invmeandist,feature_stability_cos
ScanObjectNN,train_clean,7,full,0.0,,745.3559057712555,0.6277056277056277,0.5783132530120482,0.5303410291671753,0.00035390164939107726,1.0,0.40249708133774836,1.3408344210805119,0.967539780848735,0.6024096385542169,0.5697074010327022,0.40963855421686746,0.387263339070568,0.2977624784853701,0.12772781187968577,-0.1516387194696108,-0.6354451922350564,0.6239020872395485,0.745423578619957
