dataset,train_mode,seed,variant,lambda_ortho,degree_features,time_sec,best_val_acc,test_acc,test_macc,test_ortho_corr,test_w_mean,test_w_min,test_w_max,test_ess_frac,stress_bias_0.0,stress_bias_1.0,stress_bias_2.0,stress_bias_3.0,stress_bias_4.0,corr_w_deg,corr_w_invdeg,corr_w_meandist,corr_w_invmeandist,feature_stability_cos
ModelNet40,train_clean,6,full,0.0,,3151.5821239948273,0.7774390243902439,0.7264991896272285,0.6548488140106201,0.00029651272756558273,0.9999999984618156,0.572660776299815,1.197363212800795,0.9775165100251475,0.7370340356564019,0.5798217179902755,0.386547811993517,0.2917341977309562,0.2098865478119935,0.13077957014320418,-0.13644378006429178,-0.25958257435268023,0.21490711455699057,0.7218222182244063
