dataset,train_mode,seed,variant,lambda_ortho,degree_features,time_sec,best_val_acc,test_acc,test_macc,test_ortho_corr,test_w_mean,test_w_min,test_w_max,test_ess_frac,stress_bias_0.0,stress_bias_1.0,stress_bias_2.0,stress_bias_3.0,stress_bias_4.0,corr_w_deg,corr_w_invdeg,corr_w_meandist,corr_w_invmeandist,feature_stability_cos
ModelNet10,train_clean,9,deg_only,0.0,log_deg,1266.2523410320282,0.8822055137844611,0.7973568281938326,0.7871860265731812,0.0005739339420024567,0.99994887385452,0.5185043095496663,2.1925561741778723,0.9355323649289315,0.8072687224669604,0.6607929515418502,0.4713656387665198,0.3777533039647577,0.31607929515418504,-0.729381737485528,0.7626028824597597,0.5380559774115682,-0.4854706567246467,0.6844435109943151
