dataset,train_mode,seed,variant,lambda_ortho,degree_features,time_sec,best_val_acc,test_acc,test_macc,test_ortho_corr,test_w_mean,test_w_min,test_w_max,test_ess_frac,stress_bias_0.0,stress_bias_1.0,stress_bias_2.0,stress_bias_3.0,stress_bias_4.0,corr_w_deg,corr_w_invdeg,corr_w_meandist,corr_w_invmeandist,feature_stability_cos
ScanObjectNN,train_clean,9,deg_only,0.0,log_deg,703.1268484592438,0.6017316017316018,0.5817555938037866,0.5314719676971436,2.5675112025252218e-05,0.9999999983890636,0.6593771754084407,1.3120699315457731,0.9879276575268926,0.5938037865748709,0.504302925989673,0.4010327022375215,0.32013769363166955,0.25301204819277107,0.8418591171503067,-0.858701285906136,-0.42785792010836304,0.39496481898240743,0.7456626050919294
