dataset,train_mode,seed,variant,lambda_ortho,degree_features,time_sec,best_val_acc,test_acc,test_macc,test_ortho_corr,test_w_mean,test_w_min,test_w_max,test_ess_frac,stress_bias_0.0,stress_bias_1.0,stress_bias_2.0,stress_bias_3.0,stress_bias_4.0,corr_w_deg,corr_w_invdeg,corr_w_meandist,corr_w_invmeandist,feature_stability_cos
ScanObjectNN,train_clean,3,full_point_encoder,0.0,,1004.6792612075806,0.70995670995671,0.6626506024096386,0.6099789142608643,0.00013269784540170804,1.0,0.5948265372095881,1.254182364489581,0.987906422163989,0.6729776247848537,0.5886402753872634,0.42512908777969016,0.3098106712564544,0.22547332185886404,0.10970135338012596,-0.13267766308936188,-0.8005143241025507,0.8052154888398946,0.7660312983393669
