dataset,train_mode,seed,variant,lambda_ortho,degree_features,time_sec,best_val_acc,test_acc,test_macc,test_ortho_corr,test_w_mean,test_w_min,test_w_max,test_ess_frac,stress_bias_0.0,stress_bias_1.0,stress_bias_2.0,stress_bias_3.0,stress_bias_4.0,corr_w_deg,corr_w_invdeg,corr_w_meandist,corr_w_invmeandist,feature_stability_cos
ScanObjectNN,train_clean,7,no_coords,0.0,,718.2365691661835,0.6320346320346321,0.5783132530120482,0.5253076553344727,0.00011110854530990175,1.0,0.5217397881520761,1.2621307824109051,0.9861698988321665,0.5920826161790017,0.5301204819277109,0.4268502581755594,0.35800344234079173,0.26161790017211706,0.3143184911226854,-0.3452415606863724,-0.9663286605849862,0.9655496319755912,0.7384572373330593
