dataset,train_mode,seed,variant,lambda_ortho,degree_features,time_sec,best_val_acc,test_acc,test_macc,test_ortho_corr,test_w_mean,test_w_min,test_w_max,test_ess_frac,stress_bias_0.0,stress_bias_1.0,stress_bias_2.0,stress_bias_3.0,stress_bias_4.0,corr_w_deg,corr_w_invdeg,corr_w_meandist,corr_w_invmeandist,feature_stability_cos
ModelNet40,train_clean,8,full_point_encoder,0.0,,3737.2914974689484,0.8638211382113821,0.8205024311183144,0.7687674760818481,7.773072379237536e-05,0.9999999988463617,0.7626979624071429,1.1592931955091414,0.9945260070985363,0.8245542949756888,0.6916531604538088,0.46677471636953,0.309967585089141,0.21029173419773095,0.2954321825221996,-0.31876732229138727,-0.7916625045239926,0.7867878708988428,0.9743164187669754
