dataset,train_mode,seed,variant,lambda_ortho,degree_features,time_sec,best_val_acc,test_acc,test_macc,test_ortho_corr,test_w_mean,test_w_min,test_w_max,test_ess_frac,stress_bias_0.0,stress_bias_1.0,stress_bias_2.0,stress_bias_3.0,stress_bias_4.0,corr_w_deg,corr_w_invdeg,corr_w_meandist,corr_w_invmeandist,feature_stability_cos
ModelNet40,train_clean,1,full_point_encoder,0.0,,4431.186002969742,0.842479674796748,0.8123987034035657,0.7569884061813354,0.0005613435271962156,0.9999869769619357,0.5311801910400391,2.1675293430205316,0.9388398258916794,0.8249594813614263,0.696515397082658,0.46717990275526744,0.29578606158833065,0.19975688816855752,-0.7369415460154414,0.7719458051025867,0.5249102128203958,-0.4718759106006473,0.8727305287122726
