dataset,train_mode,seed,variant,lambda_ortho,degree_features,time_sec,best_val_acc,test_acc,test_macc,test_ortho_corr,test_w_mean,test_w_min,test_w_max,test_ess_frac,stress_bias_0.0,stress_bias_1.0,stress_bias_2.0,stress_bias_3.0,stress_bias_4.0,corr_w_deg,corr_w_invdeg,corr_w_meandist,corr_w_invmeandist,feature_stability_cos
ModelNet10,train_clean,5,full_point_encoder,0.0,,1871.112446308136,0.949874686716792,0.8876651982378855,0.8834185600280762,0.00010071309684702244,0.9999999989543045,0.7217064071119877,1.1664570088972126,0.9931578280632956,0.8931718061674009,0.7940528634361234,0.6244493392070485,0.44493392070484583,0.31607929515418504,0.2728805785038276,-0.2942877431982197,-0.6519080357742496,0.6327169362921268,0.954132587313652
