dataset,train_mode,seed,variant,lambda_ortho,degree_features,time_sec,best_val_acc,test_acc,test_macc,test_ortho_corr,test_w_mean,test_w_min,test_w_max,test_ess_frac,stress_bias_0.0,stress_bias_1.0,stress_bias_2.0,stress_bias_3.0,stress_bias_4.0,corr_w_deg,corr_w_invdeg,corr_w_meandist,corr_w_invmeandist,feature_stability_cos
ScanObjectNN,train_clean,9,full_point_encoder,0.0,,856.3679370880127,0.6926406926406926,0.6437177280550774,0.589705765247345,0.000127623432490509,1.0,0.6342105172775887,1.2538990877770089,0.9888554054337579,0.6695352839931153,0.5972461273666093,0.48881239242685026,0.36316695352839934,0.2547332185886403,0.05045186865972937,-0.07642806980032332,-0.852194319665432,0.8643371675163507,0.8050325679779052
