dataset,train_mode,seed,variant,lambda_ortho,degree_features,time_sec,best_val_acc,test_acc,test_macc,test_ortho_corr,test_w_mean,test_w_min,test_w_max,test_ess_frac,stress_bias_0.0,stress_bias_1.0,stress_bias_2.0,stress_bias_3.0,stress_bias_4.0,corr_w_deg,corr_w_invdeg,corr_w_meandist,corr_w_invmeandist,feature_stability_cos
ModelNet40,train_clean,0,md_only,0.0,,3136.096693277359,0.7632113821138211,0.7200162074554295,0.6529709100723267,0.00017150281285378902,0.9999999992309078,0.8049001270724881,1.27948225544345,0.9921374563247927,0.7192058346839546,0.5,0.3213128038897893,0.23824959481361427,0.1973257698541329,-0.2379792565749085,0.2663547281001229,0.9707115147262811,-0.9846373384818434,0.6535153399407864
