dataset,train_mode,seed,variant,lambda_ortho,degree_features,time_sec,best_val_acc,test_acc,test_macc,test_ortho_corr,test_w_mean,test_w_min,test_w_max,test_ess_frac,stress_bias_0.0,stress_bias_1.0,stress_bias_2.0,stress_bias_3.0,stress_bias_4.0,corr_w_deg,corr_w_invdeg,corr_w_meandist,corr_w_invmeandist,feature_stability_cos
ModelNet40,train_clean,9,full,0.0,,3113.6554572582245,0.7652439024390244,0.7346029173419774,0.669953465461731,0.0006400024180860078,0.9999999992309078,0.4371153505098435,1.258745119648595,0.9524474997674265,0.7439222042139384,0.6211507293354943,0.42423014586709884,0.309967585089141,0.2346029173419773,0.06841635561631847,-0.0747509894526047,-0.07747736197320591,0.041867669370640216,0.7002096996456385
