dataset,train_mode,seed,variant,lambda_ortho,degree_features,time_sec,best_val_acc,test_acc,test_macc,test_ortho_corr,test_w_mean,test_w_min,test_w_max,test_ess_frac,stress_bias_0.0,stress_bias_1.0,stress_bias_2.0,stress_bias_3.0,stress_bias_4.0,corr_w_deg,corr_w_invdeg,corr_w_meandist,corr_w_invmeandist,feature_stability_cos
ScanObjectNN,train_clean,8,full_point_encoder,0.0,,863.4857487678528,0.7012987012987013,0.6402753872633391,0.5955091714859009,0.00012095980806358007,0.9999999967781273,0.6043957560449034,1.243877378669945,0.9889595573012894,0.6592082616179001,0.6058519793459552,0.46987951807228917,0.3270223752151463,0.27538726333907054,0.1037386511965451,-0.1293499835093826,-0.8837468842044472,0.8900735072791577,0.8403335502743721
