dataset,train_mode,seed,variant,lambda_ortho,degree_features,time_sec,best_val_acc,test_acc,test_macc,test_ortho_corr,test_w_mean,test_w_min,test_w_max,test_ess_frac,stress_bias_0.0,stress_bias_1.0,stress_bias_2.0,stress_bias_3.0,stress_bias_4.0,corr_w_deg,corr_w_invdeg,corr_w_meandist,corr_w_invmeandist,feature_stability_cos
ScanObjectNN,train_clean,1,md_only,0.0,,755.9541318416595,0.6536796536796536,0.5869191049913941,0.5486800670623779,0.00012985480016386891,1.0,0.5075537014651943,1.277994365305514,0.9860589439804489,0.6024096385542169,0.5387263339070568,0.44922547332185886,0.3407917383820998,0.2547332185886403,0.14626410133059836,-0.17541201089989045,-0.9875973112881183,0.9897342452779412,0.7275528862327337
