dataset,train_mode,seed,variant,lambda_ortho,degree_features,time_sec,best_val_acc,test_acc,test_macc,test_ortho_corr,test_w_mean,test_w_min,test_w_max,test_ess_frac,stress_bias_0.0,stress_bias_1.0,stress_bias_2.0,stress_bias_3.0,stress_bias_4.0,corr_w_deg,corr_w_invdeg,corr_w_meandist,corr_w_invmeandist,feature_stability_cos
ScanObjectNN,train_clean,2,full,0.0,,719.307457447052,0.6277056277056277,0.5903614457831325,0.5228354334831238,0.0002101139893843415,0.9999999983890636,0.4711251540763958,1.2959691382743217,0.9786922947780506,0.5955249569707401,0.5490533562822719,0.4268502581755594,0.33390705679862304,0.28399311531841653,0.19721588069696736,-0.22552207522312528,-0.7813236666144803,0.7746638561482542,0.7505012954771518
