dataset,train_mode,seed,variant,lambda_ortho,degree_features,time_sec,best_val_acc,test_acc,test_macc,test_ortho_corr,test_w_mean,test_w_min,test_w_max,test_ess_frac,stress_bias_0.0,stress_bias_1.0,stress_bias_2.0,stress_bias_3.0,stress_bias_4.0,corr_w_deg,corr_w_invdeg,corr_w_meandist,corr_w_invmeandist,feature_stability_cos
ScanObjectNN,train_clean,6,full_point_encoder,0.0,,868.554062128067,0.6666666666666666,0.6506024096385542,0.5984350442886353,0.00011245616946866535,1.0,0.5808185057060139,1.2417203574567228,0.9891133743363458,0.6626506024096386,0.5800344234079173,0.4784853700516351,0.37349397590361444,0.28399311531841653,0.10500636468423181,-0.1336292015095296,-0.9720713175833225,0.974192257784307,0.7952318741381168
