dataset,train_mode,seed,variant,lambda_ortho,degree_features,time_sec,best_val_acc,test_acc,test_macc,test_ortho_corr,test_w_mean,test_w_min,test_w_max,test_ess_frac,stress_bias_0.0,stress_bias_1.0,stress_bias_2.0,stress_bias_3.0,stress_bias_4.0,corr_w_deg,corr_w_invdeg,corr_w_meandist,corr_w_invmeandist,feature_stability_cos
ModelNet40,train_clean,2,full_point_encoder,0.0,,4440.538968801498,0.8495934959349594,0.8277957860615883,0.7555233240127563,6.291606757346721e-05,1.0,0.7817077602109601,1.1481610028974472,0.9954804005161408,0.8209076175040518,0.7070502431118314,0.43841166936790926,0.2747163695299838,0.18273905996758508,0.343179775797762,-0.3718253886792809,-0.9159774551168084,0.9129748612642288,0.9788732451200485
