dataset,train_mode,seed,variant,lambda_ortho,degree_features,time_sec,best_val_acc,test_acc,test_macc,test_ortho_corr,test_w_mean,test_w_min,test_w_max,test_ess_frac,stress_bias_0.0,stress_bias_1.0,stress_bias_2.0,stress_bias_3.0,stress_bias_4.0,corr_w_deg,corr_w_invdeg,corr_w_meandist,corr_w_invmeandist,feature_stability_cos
ScanObjectNN,train_clean,5,deg_only,0.0,log_deg,706.8648540973663,0.6363636363636364,0.5972461273666093,0.5405275225639343,3.2656549248369287e-05,0.9999999967781273,0.5947226189278267,1.3921732483683407,0.9819896672223065,0.6092943201376936,0.5163511187607573,0.4113597246127367,0.3270223752151463,0.28055077452667815,0.8477936329320073,-0.8631994169205427,-0.4205055185128003,0.38904493767768145,0.744658345207572
