dataset,train_mode,seed,variant,lambda_ortho,degree_features,time_sec,best_val_acc,test_acc,test_macc,test_ortho_corr,test_w_mean,test_w_min,test_w_max,test_ess_frac,stress_bias_0.0,stress_bias_1.0,stress_bias_2.0,stress_bias_3.0,stress_bias_4.0,corr_w_deg,corr_w_invdeg,corr_w_meandist,corr_w_invmeandist,feature_stability_cos
ModelNet10,train_clean,0,md_only,0.0,,1301.2338449954987,0.8596491228070176,0.8039647577092511,0.7906743884086609,0.00019442031043581665,1.0,0.4774636249793203,1.305843188051592,0.9793681115434881,0.8204845814977973,0.6189427312775331,0.41519823788546256,0.29955947136563876,0.24559471365638766,0.20851188401637727,-0.23760153901384912,-0.9915992183610797,0.9839606117457151,0.7115776772424579
