dataset,train_mode,seed,variant,lambda_ortho,degree_features,time_sec,best_val_acc,test_acc,test_macc,test_ortho_corr,test_w_mean,test_w_min,test_w_max,test_ess_frac,stress_bias_0.0,stress_bias_1.0,stress_bias_2.0,stress_bias_3.0,stress_bias_4.0,corr_w_deg,corr_w_invdeg,corr_w_meandist,corr_w_invmeandist,feature_stability_cos
ModelNet40,train_clean,4,full,0.0,,3285.8807921409607,0.7936991869918699,0.7386547811993517,0.6800581216812134,0.0006053086258039149,0.9999999992309078,0.3668805599693329,1.2357099525390132,0.9553132795518444,0.7382495948136143,0.5927876823338736,0.4035656401944895,0.2893030794165316,0.21393841166936792,0.08425460456492147,-0.0991529022634495,-0.1487482933433057,0.1138261296897781,0.7018783564865589
