dataset,train_mode,seed,variant,lambda_ortho,degree_features,time_sec,best_val_acc,test_acc,test_macc,test_ortho_corr,test_w_mean,test_w_min,test_w_max,test_ess_frac,stress_bias_0.0,stress_bias_1.0,stress_bias_2.0,stress_bias_3.0,stress_bias_4.0,corr_w_deg,corr_w_invdeg,corr_w_meandist,corr_w_invmeandist,feature_stability_cos
ModelNet40,train_clean,4,no_coords,0.0,,3328.998859643936,0.7682926829268293,0.7341977309562399,0.6565232276916504,0.00013669226454728612,0.9999999523162841,0.8690874099731445,1.236195521969949,0.9958490440922398,0.7354132901134521,0.5311993517017828,0.33630470016207453,0.2544570502431118,0.2005672609400324,-0.4608628643676639,0.49165377840399743,0.9509747127071023,-0.9363316714763641,0.6697540751844645
