dataset,train_mode,seed,variant,lambda_ortho,degree_features,time_sec,best_val_acc,test_acc,test_macc,test_ortho_corr,test_w_mean,test_w_min,test_w_max,test_ess_frac,stress_bias_0.0,stress_bias_1.0,stress_bias_2.0,stress_bias_3.0,stress_bias_4.0,corr_w_deg,corr_w_invdeg,corr_w_meandist,corr_w_invmeandist,feature_stability_cos
ModelNet10,train_clean,2,deg_only,0.0,log_deg,1795.4099471569061,0.8872180451127819,0.7940528634361234,0.7706977128982544,0.0005357915657090448,0.9998998108663057,0.5383841499947665,2.1244093556153145,0.9408794411441737,0.802863436123348,0.6310572687224669,0.4944933920704846,0.3986784140969163,0.3303964757709251,-0.732938958145678,0.7660691186785697,0.5378536832053215,-0.48674173636827617,0.6644049772620201
