dataset,train_mode,seed,variant,lambda_ortho,degree_features,time_sec,best_val_acc,test_acc,test_macc,test_ortho_corr,test_w_mean,test_w_min,test_w_max,test_ess_frac,stress_bias_0.0,stress_bias_1.0,stress_bias_2.0,stress_bias_3.0,stress_bias_4.0,corr_w_deg,corr_w_invdeg,corr_w_meandist,corr_w_invmeandist,feature_stability_cos
ModelNet10,train_clean,1,full_point_encoder,0.0,,1523.0299088954926,0.9323308270676691,0.8942731277533039,0.8868836164474487,0.00012889896313202356,1.0,0.6395164100747359,1.1808745714656093,0.9894891433548509,0.8931718061674009,0.8259911894273128,0.6552863436123348,0.4922907488986784,0.31938325991189426,0.3173743961026048,-0.3454032206442207,-0.849215725902468,0.8248220643028616,0.9570837520062924
