dataset,train_mode,seed,variant,lambda_ortho,degree_features,time_sec,best_val_acc,test_acc,test_macc,test_ortho_corr,test_w_mean,test_w_min,test_w_max,test_ess_frac,stress_bias_0.0,stress_bias_1.0,stress_bias_2.0,stress_bias_3.0,stress_bias_4.0,corr_w_deg,corr_w_invdeg,corr_w_meandist,corr_w_invmeandist,feature_stability_cos
ModelNet10,train_clean,7,md_only,0.0,,1266.278408050537,0.8771929824561403,0.8039647577092511,0.791325569152832,0.00033683128200017994,0.999999907978794,0.6477398161302533,1.3068902701662297,0.9752085198435867,0.8116740088105727,0.6145374449339207,0.4658590308370044,0.3876651982378855,0.29845814977973567,-0.1905854094431561,0.21564326836014516,0.8988954531028867,-0.9690853042528034,0.6321024967730046
