dataset,train_mode,seed,variant,lambda_ortho,degree_features,time_sec,best_val_acc,test_acc,test_macc,test_ortho_corr,test_w_mean,test_w_min,test_w_max,test_ess_frac,stress_bias_0.0,stress_bias_1.0,stress_bias_2.0,stress_bias_3.0,stress_bias_4.0,corr_w_deg,corr_w_invdeg,corr_w_meandist,corr_w_invmeandist,feature_stability_cos
ModelNet10,train_clean,0,deg_only,0.0,log_deg,1281.7145059108734,0.8571428571428571,0.7940528634361234,0.7778139114379883,0.0005959587043004209,0.9999308805716666,0.5203127474115606,2.2762533551768254,0.9323374221199437,0.8083700440528634,0.6387665198237885,0.4922907488986784,0.38215859030837,0.30837004405286345,-0.7192056121304631,0.7527278140187263,0.5409135449212045,-0.4857624325435609,0.7034616485238075
