dataset,train_mode,seed,variant,lambda_ortho,degree_features,time_sec,best_val_acc,test_acc,test_macc,test_ortho_corr,test_w_mean,test_w_min,test_w_max,test_ess_frac,stress_bias_0.0,stress_bias_1.0,stress_bias_2.0,stress_bias_3.0,stress_bias_4.0,corr_w_deg,corr_w_invdeg,corr_w_meandist,corr_w_invmeandist,feature_stability_cos
ScanObjectNN,train_clean,6,full,0.0,,754.5157873630524,0.6017316017316018,0.6144578313253012,0.5632003545761108,0.0001668753326599914,1.0,0.48656153920534495,1.2629206599415959,0.9834363412212681,0.6092943201376936,0.5335628227194492,0.4475043029259897,0.38209982788296043,0.2736660929432014,0.16877828399419742,-0.19761140933458138,-0.8428641767241061,0.8312385343015194,0.742683424577117
