dataset,train_mode,seed,variant,lambda_ortho,degree_features,time_sec,best_val_acc,test_acc,test_macc,test_ortho_corr,test_w_mean,test_w_min,test_w_max,test_ess_frac,stress_bias_0.0,stress_bias_1.0,stress_bias_2.0,stress_bias_3.0,stress_bias_4.0,corr_w_deg,corr_w_invdeg,corr_w_meandist,corr_w_invmeandist,feature_stability_cos
ModelNet10,train_clean,1,deg_only,0.0,log_deg,1280.1149036884308,0.8872180451127819,0.8039647577092511,0.7903488278388977,0.0005040428097760142,0.9999648018887168,0.5442865098777571,2.0639090558938813,0.9451945988755477,0.8171806167400881,0.6486784140969163,0.4746696035242291,0.3986784140969163,0.3381057268722467,-0.738257548213005,0.7707045452669263,0.5291536478791385,-0.480031241197139,0.6773144288361073
