dataset,train_mode,seed,variant,lambda_ortho,degree_features,time_sec,best_val_acc,test_acc,test_macc,test_ortho_corr,test_w_mean,test_w_min,test_w_max,test_ess_frac,stress_bias_0.0,stress_bias_1.0,stress_bias_2.0,stress_bias_3.0,stress_bias_4.0,corr_w_deg,corr_w_invdeg,corr_w_meandist,corr_w_invmeandist,feature_stability_cos
ScanObjectNN,train_clean,8,deg_only,0.0,log_deg,707.596474647522,0.6060606060606061,0.5834767641996558,0.527813196182251,3.097381404832295e-05,0.9999999983890636,0.6103069298976177,1.3757517176705438,0.9833987564653963,0.5869191049913941,0.5421686746987951,0.40619621342512907,0.31841652323580033,0.23235800344234078,0.8461614670231938,-0.8618103196844459,-0.4259260816499591,0.39516084105707705,0.7326770236343145
