dataset,train_mode,seed,variant,lambda_ortho,degree_features,time_sec,best_val_acc,test_acc,test_macc,test_ortho_corr,test_w_mean,test_w_min,test_w_max,test_ess_frac,stress_bias_0.0,stress_bias_1.0,stress_bias_2.0,stress_bias_3.0,stress_bias_4.0,corr_w_deg,corr_w_invdeg,corr_w_meandist,corr_w_invmeandist,feature_stability_cos
ModelNet10,train_clean,5,md_only,0.0,,1315.736974954605,0.8897243107769424,0.8094713656387665,0.7944883108139038,0.00033536164680794044,1.0,0.33306099121507843,1.3723848681700856,0.9655951805282057,0.802863436123348,0.5748898678414097,0.394273127753304,0.2654185022026432,0.1817180616740088,0.20415199777730778,-0.23352791331344633,-0.9930824302136898,0.9764064704999328,0.6748360620811582
