dataset,train_mode,seed,variant,lambda_ortho,degree_features,time_sec,best_val_acc,test_acc,test_macc,test_ortho_corr,test_w_mean,test_w_min,test_w_max,test_ess_frac,stress_bias_0.0,stress_bias_1.0,stress_bias_2.0,stress_bias_3.0,stress_bias_4.0,corr_w_deg,corr_w_invdeg,corr_w_meandist,corr_w_invmeandist,feature_stability_cos
ScanObjectNN,train_clean,2,md_only,0.0,,795.5198159217834,0.6060606060606061,0.6075731497418244,0.545756459236145,0.00011576784183145375,1.0,0.5653577938273147,1.2615779960477673,0.987961461415162,0.621342512908778,0.5438898450946644,0.4113597246127367,0.35111876075731496,0.22547332185886404,0.13614963047366474,-0.165706229294301,-0.9860978044569493,0.9917996747419238,0.7413379752635956
