dataset,train_mode,seed,variant,lambda_ortho,degree_features,time_sec,best_val_acc,test_acc,test_macc,test_ortho_corr,test_w_mean,test_w_min,test_w_max,test_ess_frac,stress_bias_0.0,stress_bias_1.0,stress_bias_2.0,stress_bias_3.0,stress_bias_4.0,corr_w_deg,corr_w_invdeg,corr_w_meandist,corr_w_invmeandist,feature_stability_cos
ModelNet10,train_clean,5,deg_only,0.0,log_deg,1227.198457956314,0.8721804511278195,0.7962555066079295,0.7734884023666382,0.0006464581452555171,0.9997405828091136,0.5163095196088155,2.404984210666857,0.9252800544102987,0.7819383259911894,0.6574889867841409,0.4878854625550661,0.3931718061674009,0.31718061674008813,-0.7037010479718446,0.738734794035554,0.5455528932623566,-0.4877700704615563,0.6758029214292764
