dataset,train_mode,seed,variant,lambda_ortho,degree_features,time_sec,best_val_acc,test_acc,test_macc,test_ortho_corr,test_w_mean,test_w_min,test_w_max,test_ess_frac,stress_bias_0.0,stress_bias_1.0,stress_bias_2.0,stress_bias_3.0,stress_bias_4.0,corr_w_deg,corr_w_invdeg,corr_w_meandist,corr_w_invmeandist,feature_stability_cos
ModelNet40,train_clean,6,deg_only,0.0,log_deg,3287.4745950698853,0.7357723577235772,0.7155591572123177,0.636215090751648,7.294601387149024e-05,0.9999999773117804,0.9623083810652456,1.0491793724798386,0.9997773255071333,0.7062398703403565,0.570097244732577,0.38371150729335496,0.27188006482982174,0.20218800648298219,-0.8286111876368523,0.8503147372975945,0.4859890461433679,-0.45176631975919007,0.7236832789331674
