dataset,train_mode,seed,variant,lambda_ortho,degree_features,time_sec,best_val_acc,test_acc,test_macc,test_ortho_corr,test_w_mean,test_w_min,test_w_max,test_ess_frac,stress_bias_0.0,stress_bias_1.0,stress_bias_2.0,stress_bias_3.0,stress_bias_4.0,corr_w_deg,corr_w_invdeg,corr_w_meandist,corr_w_invmeandist,feature_stability_cos
ScanObjectNN,train_clean,5,md_only,0.0,,740.0511248111725,0.6190476190476191,0.5817555938037866,0.5094643831253052,0.00010344203847863182,0.9999999983890636,0.5912755067284042,1.2362869494670146,0.9897470506461891,0.5817555938037866,0.4974182444061962,0.4354561101549053,0.3614457831325301,0.3098106712564544,0.135421407976537,-0.1644987001118352,-0.9859122253954411,0.9908098386600613,0.7461301152408123
