dataset,train_mode,seed,variant,lambda_ortho,degree_features,time_sec,best_val_acc,test_acc,test_macc,test_ortho_corr,test_w_mean,test_w_min,test_w_max,test_ess_frac,stress_bias_0.0,stress_bias_1.0,stress_bias_2.0,stress_bias_3.0,stress_bias_4.0,corr_w_deg,corr_w_invdeg,corr_w_meandist,corr_w_invmeandist,feature_stability_cos
ModelNet10,train_clean,4,md_only,0.0,,1303.8370509147644,0.8847117794486216,0.7808370044052864,0.763069748878479,0.00043033297812431365,0.9999999989543045,0.6120140777345289,1.4519681554091604,0.9669964031169289,0.7929515418502202,0.6013215859030837,0.42070484581497797,0.3248898678414097,0.2577092511013216,-0.1842344398086425,0.21161835352431807,0.9386412898078561,-0.9855601973831654,0.6143425583839417
