dataset,train_mode,seed,variant,lambda_ortho,degree_features,time_sec,best_val_acc,test_acc,test_macc,test_ortho_corr,test_w_mean,test_w_min,test_w_max,test_ess_frac,stress_bias_0.0,stress_bias_1.0,stress_bias_2.0,stress_bias_3.0,stress_bias_4.0,corr_w_deg,corr_w_invdeg,corr_w_meandist,corr_w_invmeandist,feature_stability_cos
ModelNet10,train_clean,8,full_point_encoder,0.0,,1412.2451531887054,0.9473684210526315,0.8733480176211453,0.8685349225997925,8.205819814751872e-05,0.9999999989543045,0.7336359222730001,1.1490300266366256,0.9943349162737528,0.8733480176211453,0.8116740088105727,0.6090308370044053,0.44493392070484583,0.31167400881057267,0.32049023436848073,-0.344648107298417,-0.743276147171855,0.7271419077180326,0.9620406433939934
