dataset,train_mode,seed,variant,lambda_ortho,degree_features,time_sec,best_val_acc,test_acc,test_macc,test_ortho_corr,test_w_mean,test_w_min,test_w_max,test_ess_frac,stress_bias_0.0,stress_bias_1.0,stress_bias_2.0,stress_bias_3.0,stress_bias_4.0,corr_w_deg,corr_w_invdeg,corr_w_meandist,corr_w_invmeandist,feature_stability_cos
ModelNet10,train_clean,9,no_coords,0.0,,1302.0941319465637,0.9147869674185464,0.8182819383259912,0.8044883608818054,0.00027224986804771776,0.9999999989543045,0.5094623719913918,1.4181490362736218,0.9738825245907432,0.8215859030837004,0.6288546255506607,0.3865638766519824,0.2775330396475771,0.21585903083700442,-0.1651174532940786,0.1430258214009882,-0.874025640077889,0.893230552598834,0.6799658492580056
