dataset,train_mode,seed,variant,lambda_ortho,degree_features,time_sec,best_val_acc,test_acc,test_macc,test_ortho_corr,test_w_mean,test_w_min,test_w_max,test_ess_frac,stress_bias_0.0,stress_bias_1.0,stress_bias_2.0,stress_bias_3.0,stress_bias_4.0,corr_w_deg,corr_w_invdeg,corr_w_meandist,corr_w_invmeandist,feature_stability_cos
ModelNet40,train_clean,8,no_coords,0.0,,3291.241617202759,0.7733739837398373,0.729740680713128,0.6574360132217407,0.00015707685294816452,0.9999999988463617,0.841097431413589,1.284139084815979,0.9940632162555572,0.7337925445705025,0.5320097244732577,0.33630470016207453,0.2637763371150729,0.20542949756888168,-0.43647051620064303,0.4667781121097505,0.9557748040184378,-0.9459036659449339,0.6662095123529435
