dataset,train_mode,seed,variant,lambda_ortho,degree_features,time_sec,best_val_acc,test_acc,test_macc,test_ortho_corr,test_w_mean,test_w_min,test_w_max,test_ess_frac,stress_bias_0.0,stress_bias_1.0,stress_bias_2.0,stress_bias_3.0,stress_bias_4.0,corr_w_deg,corr_w_invdeg,corr_w_meandist,corr_w_invmeandist,feature_stability_cos
ScanObjectNN,train_clean,9,no_coords,0.0,,808.1733906269073,0.6103896103896104,0.5886402753872634,0.5253056287765503,9.542239943560137e-05,1.0,0.5848002039097451,1.2421828733908165,0.989050618700079,0.5800344234079173,0.5094664371772806,0.42168674698795183,0.3855421686746988,0.31153184165232356,0.28648788903519745,-0.3172684258897789,-0.9710977731272579,0.9749452142044902,0.750262957662344
