dataset,train_mode,seed,variant,lambda_ortho,degree_features,time_sec,best_val_acc,test_acc,test_macc,test_ortho_corr,test_w_mean,test_w_min,test_w_max,test_ess_frac,stress_bias_0.0,stress_bias_1.0,stress_bias_2.0,stress_bias_3.0,stress_bias_4.0,corr_w_deg,corr_w_invdeg,corr_w_meandist,corr_w_invmeandist,feature_stability_cos
ScanObjectNN,train_clean,3,md_only,0.0,,727.6304552555084,0.6406926406926406,0.5800344234079173,0.5154621601104736,0.0001408693361382403,0.9999999967781273,0.5029766680421056,1.2962053563143756,0.9844154296694575,0.6024096385542169,0.5180722891566265,0.4354561101549053,0.3648881239242685,0.2977624784853701,0.1411059593727259,-0.16990023784092045,-0.9858159445226192,0.9913311233744025,0.7365509534627199
