dataset,train_mode,seed,variant,lambda_ortho,degree_features,time_sec,best_val_acc,test_acc,test_macc,test_ortho_corr,test_w_mean,test_w_min,test_w_max,test_ess_frac,stress_bias_0.0,stress_bias_1.0,stress_bias_2.0,stress_bias_3.0,stress_bias_4.0,corr_w_deg,corr_w_invdeg,corr_w_meandist,corr_w_invmeandist,feature_stability_cos
ModelNet10,train_clean,6,deg_only,0.0,log_deg,1227.3767154216766,0.8671679197994987,0.8006607929515418,0.7883255481719971,0.00048614765635871313,0.9999461079898634,0.5591793457667033,2.039693886773628,0.948262143553349,0.8006607929515418,0.6464757709251101,0.4933920704845815,0.41740088105726875,0.3436123348017621,-0.7380513742566108,0.7701758580282331,0.5383662099018693,-0.48758024284616114,0.687273658812046
