dataset,train_mode,seed,variant,lambda_ortho,degree_features,time_sec,best_val_acc,test_acc,test_macc,test_ortho_corr,test_w_mean,test_w_min,test_w_max,test_ess_frac,stress_bias_0.0,stress_bias_1.0,stress_bias_2.0,stress_bias_3.0,stress_bias_4.0,corr_w_deg,corr_w_invdeg,corr_w_meandist,corr_w_invmeandist,feature_stability_cos
ModelNet10,train_clean,0,no_coords,0.0,,1253.2607157230377,0.849624060150376,0.8061674008810573,0.7918604612350464,0.0002109002881824333,0.9999999979086089,0.5306065913877989,1.3242574135462444,0.97915203006644,0.8215859030837004,0.6266519823788547,0.3920704845814978,0.2665198237885463,0.1905286343612335,0.030859637833054877,-0.05840394024762645,-0.9651485856622457,0.9659663205966353,0.7107656164839864
