dataset,train_mode,seed,variant,lambda_ortho,degree_features,time_sec,best_val_acc,test_acc,test_macc,test_ortho_corr,test_w_mean,test_w_min,test_w_max,test_ess_frac,stress_bias_0.0,stress_bias_1.0,stress_bias_2.0,stress_bias_3.0,stress_bias_4.0,corr_w_deg,corr_w_invdeg,corr_w_meandist,corr_w_invmeandist,feature_stability_cos
ScanObjectNN,train_clean,8,full,0.0,,733.3220717906952,0.5930735930735931,0.5886402753872634,0.5198257565498352,0.00012011198162547992,0.999999995167191,0.5441086558071343,1.2425780264106956,0.9877317483360702,0.6144578313253012,0.5490533562822719,0.4165232358003442,0.32013769363166955,0.27538726333907054,0.1646334644085073,-0.1954809275021944,-0.966289676912129,0.9601986110210419,0.7390359387546778
