dataset,train_mode,seed,variant,lambda_ortho,degree_features,time_sec,best_val_acc,test_acc,test_macc,test_ortho_corr,test_w_mean,test_w_min,test_w_max,test_ess_frac,stress_bias_0.0,stress_bias_1.0,stress_bias_2.0,stress_bias_3.0,stress_bias_4.0,corr_w_deg,corr_w_invdeg,corr_w_meandist,corr_w_invmeandist,feature_stability_cos
ScanObjectNN,train_clean,4,full_point_encoder,0.0,,980.5439820289612,0.7229437229437229,0.6833046471600689,0.6234867572784424,0.00013528565358609666,1.0,0.6068055694167679,1.2433946744815723,0.9881294111947756,0.6609294320137694,0.6006884681583476,0.42512908777969016,0.33218588640275387,0.23407917383820998,0.1252896398030316,-0.1494455663509143,-0.7519009410403669,0.7528534787707031,0.7557722219824791
