dataset,train_mode,seed,variant,lambda_ortho,degree_features,time_sec,best_val_acc,test_acc,test_macc,test_ortho_corr,test_w_mean,test_w_min,test_w_max,test_ess_frac,stress_bias_0.0,stress_bias_1.0,stress_bias_2.0,stress_bias_3.0,stress_bias_4.0,corr_w_deg,corr_w_invdeg,corr_w_meandist,corr_w_invmeandist,feature_stability_cos
ModelNet10,train_clean,6,no_coords,0.0,,1327.0290076732635,0.8796992481203008,0.7830396475770925,0.7597209215164185,0.0006348884676219569,0.9999983885832,0.5886974899392379,1.9907397533717908,0.9442896131883588,0.7874449339207048,0.6101321585903083,0.4008810572687225,0.31718061674008813,0.2643171806167401,-0.5551438260823488,0.5873241316527128,0.8358883087523281,-0.8184866867028177,0.6304918864369392
