dataset,train_mode,seed,variant,lambda_ortho,degree_features,time_sec,best_val_acc,test_acc,test_macc,test_ortho_corr,test_w_mean,test_w_min,test_w_max,test_ess_frac,stress_bias_0.0,stress_bias_1.0,stress_bias_2.0,stress_bias_3.0,stress_bias_4.0,corr_w_deg,corr_w_invdeg,corr_w_meandist,corr_w_invmeandist,feature_stability_cos
ModelNet10,train_clean,3,md_only,0.0,,1233.1096274852753,0.8972431077694235,0.7929515418502202,0.7752326130867004,0.00032672341777677564,0.9999999989543045,0.6636627044594079,1.4082200150740773,0.9767788826373586,0.7995594713656388,0.6464757709251101,0.4779735682819383,0.3997797356828194,0.32929515418502203,-0.19362404442654224,0.2214835875252902,0.945350575260818,-0.98662048894912,0.6466399689763784
