dataset,train_mode,seed,variant,lambda_ortho,degree_features,time_sec,best_val_acc,test_acc,test_macc,test_ortho_corr,test_w_mean,test_w_min,test_w_max,test_ess_frac,stress_bias_0.0,stress_bias_1.0,stress_bias_2.0,stress_bias_3.0,stress_bias_4.0,corr_w_deg,corr_w_invdeg,corr_w_meandist,corr_w_invmeandist,feature_stability_cos
ModelNet40,train_clean,6,md_only,0.0,,3156.4192543029785,0.7428861788617886,0.7188006482982172,0.6337150931358337,0.0001631972808559846,0.9999999992309078,0.8140176853825969,1.2684645868116808,0.9929100340412509,0.7175850891410048,0.5056726094003241,0.32617504051863855,0.23987034035656402,0.18273905996758508,-0.2439525596491876,0.2714559312298661,0.9795652348548174,-0.9879666456952692,0.658891974762082
