dataset,train_mode,seed,variant,lambda_ortho,time_sec,best_val_acc,test_acc,test_ortho_corr,test_w_mean,test_w_min,test_w_max,test_ess_frac,stress_bias_0.0,stress_bias_1.0,stress_bias_2.0,stress_bias_3.0,stress_bias_4.0,corr_w_deg,corr_w_invdeg,corr_w_meandist,corr_w_invmeandist,feature_stability_cos
ModelNet40,train_aug,41,umc,1.0,3589.44277882576,0.709349593495935,0.6859805510534847,0.0004098313800509899,0.9999999527008303,0.6200102602281878,1.376886426248858,0.971666492185285,0.6936790923824959,0.6827390599675851,0.6361426256077796,0.5729335494327391,0.49270664505672607,-0.39197360011166893,0.40903811978532756,0.5852442694667843,-0.5976733162438904,0.745925889313221
