dataset,train_mode,seed,variant,lambda_ortho,time_sec,best_val_acc,test_acc,test_ortho_corr,test_w_mean,test_w_min,test_w_max,test_ess_frac,stress_bias_0.0,stress_bias_1.0,stress_bias_2.0,stress_bias_3.0,stress_bias_4.0,corr_w_deg,corr_w_invdeg,corr_w_meandist,corr_w_invmeandist,feature_stability_cos
ModelNet40,train_aug,43,cap,0.0,3604.1215176582336,0.641260162601626,0.6219611021069692,3.892158227597153e-05,0.9999999996154539,0.8389120882557285,1.1340530595471783,0.9972959372305101,0.6146677471636953,0.6118314424635333,0.5336304700162074,0.47649918962722854,0.3974878444084279,0.7830707581713796,-0.803291218727827,-0.4808877443661913,0.4519778544548899,0.9894714313745498
