dataset,train_mode,seed,variant,lambda_ortho,time_sec,best_val_acc,test_acc,test_macc,test_ortho_corr,test_w_mean,test_w_min,test_w_max,test_ess_frac,stress_bias_0.0,stress_bias_1.0,stress_bias_2.0,stress_bias_3.0,stress_bias_4.0,corr_w_deg,corr_w_invdeg,corr_w_meandist,corr_w_invmeandist,feature_stability_cos
ModelNet40,train_aug,42,invdeg,0.0,3833.3704710006714,0.665650406504065,0.6888168557536467,0.6100465059280396,0.00022123046247513904,0.9999999107853059,0.6331828005852238,1.1394798686427454,0.9857090046328884,0.6884116693679092,0.6600486223662885,0.6114262560777958,0.5324149108589952,0.4619124797406807,-0.9854575244709849,1.0000000059604646,0.2751426268783689,-0.26639697775826787,0.7568281561881304
