dataset,train_mode,seed,variant,lambda_ortho,time_sec,best_val_acc,test_acc,test_macc,test_ortho_corr,test_w_mean,test_w_min,test_w_max,test_ess_frac,stress_bias_0.0,stress_bias_1.0,stress_bias_2.0,stress_bias_3.0,stress_bias_4.0,corr_w_deg,corr_w_invdeg,corr_w_meandist,corr_w_invmeandist,feature_stability_cos
ModelNet40,train_aug,42,cap,0.0,4162.18599820137,0.6351626016260162,0.6414100486223663,0.5640755891799927,4.085753362526321e-05,0.9999999992309078,0.8595073953751595,1.1191497410497357,0.9979392432397411,0.6308752025931929,0.6284440842787682,0.5672609400324149,0.48176661264181525,0.406807131280389,0.7546489364467561,-0.7727068330161273,-0.47616963276814206,0.45430952193564733,0.9900528761744499
