dataset,train_mode,seed,variant,lambda_ortho,time_sec,best_val_acc,test_acc,test_ortho_corr,test_w_mean,test_w_min,test_w_max,test_ess_frac,stress_bias_0.0,stress_bias_1.0,stress_bias_2.0,stress_bias_3.0,stress_bias_4.0,corr_w_deg,corr_w_invdeg,corr_w_meandist,corr_w_invmeandist,feature_stability_cos
ModelNet40,train_aug,42,umc,0.1,3656.0140302181244,0.6941056910569106,0.6762560777957861,0.0003658646049687729,0.9999999588535678,0.6483719371980237,1.3092176752705729,0.9749427472391436,0.6815235008103727,0.6713938411669368,0.6304700162074555,0.5688816855753647,0.5036466774716369,-0.3825057060196741,0.3997909027115384,0.5602690388070186,-0.5786963344908145,0.7516101621091366
