dataset,train_mode,seed,variant,lambda_ortho,time_sec,best_val_acc,test_acc,test_ortho_corr,test_w_mean,test_w_min,test_w_max,test_ess_frac,stress_bias_0.0,stress_bias_1.0,stress_bias_2.0,stress_bias_3.0,stress_bias_4.0,corr_w_deg,corr_w_invdeg,corr_w_meandist,corr_w_invmeandist,feature_stability_cos
ModelNet40,train_aug,42,meandist,0.0,3605.1311235427856,0.6636178861788617,0.6811183144246353,0.0005415457675436271,0.9999999992309078,0.6399525815440762,1.888125080447043,0.9591267551145246,0.6641004862236629,0.6855753646677472,0.6312803889789304,0.5628038897893031,0.46961102106969205,-0.2452613038738491,0.2757328932028031,1.0000000115484,-0.9593024345114827,0.7223910965770483
