dataset,train_mode,seed,variant,lambda_ortho,time_sec,best_val_acc,test_acc,test_macc,test_ortho_corr,test_w_mean,test_w_min,test_w_max,test_ess_frac,stress_bias_0.0,stress_bias_1.0,stress_bias_2.0,stress_bias_3.0,stress_bias_4.0,corr_w_deg,corr_w_invdeg,corr_w_meandist,corr_w_invmeandist,feature_stability_cos
ModelNet40,train_aug,42,umc,0.001,4086.7382175922394,0.6910569105691057,0.6790923824959482,0.5936569571495056,0.00042592699882657,0.9999999992309078,0.6198552937276902,1.3215353227430775,0.9701570160927311,0.6811183144246353,0.6738249594813615,0.6280388978930308,0.5672609400324149,0.4923014586709887,-0.3142729317929479,0.3288655005875626,0.5292369673908979,-0.5475028528708208,0.7389517348632216
