dataset,train_mode,seed,variant,lambda_ortho,time_sec,best_val_acc,test_acc,test_ortho_corr,test_w_mean,test_w_min,test_w_max,test_ess_frac,stress_bias_0.0,stress_bias_1.0,stress_bias_2.0,stress_bias_3.0,stress_bias_4.0,corr_w_deg,corr_w_invdeg,corr_w_meandist,corr_w_invmeandist,feature_stability_cos
ModelNet40,train_aug,43,umc,1.0,3637.1193845272064,0.6961382113821138,0.6774716369529984,0.00039227350719175453,1.0,0.6352800263512519,1.3104541824709985,0.9728556944477943,0.6774716369529984,0.6843598055105349,0.653160453808752,0.5717179902755267,0.48946515397082657,-0.2866173143098877,0.3018858252829887,0.5371838260172808,-0.5572842978843255,0.7351605966687202
