dataset,train_mode,seed,variant,lambda_ortho,time_sec,best_val_acc,test_acc,test_ortho_corr,test_w_mean,test_w_min,test_w_max,test_ess_frac,stress_bias_0.0,stress_bias_1.0,stress_bias_2.0,stress_bias_3.0,stress_bias_4.0,corr_w_deg,corr_w_invdeg,corr_w_meandist,corr_w_invmeandist,feature_stability_cos
ModelNet40,train_aug,42,umc,0.0,3737.023720741272,0.6890243902439024,0.7042139384116693,0.00046015315254466726,0.9999999984618156,0.6042614410000463,1.3520903941123716,0.9673712811162395,0.7127228525121556,0.6912479740680713,0.6357374392220422,0.5810372771474879,0.5076985413290114,-0.3324959435780329,0.34826959961501414,0.5373497557695373,-0.5538248232893238,0.7425165525823831
