dataset,train_mode,seed,variant,lambda_ortho,time_sec,best_val_acc,test_acc,test_ortho_corr,test_w_mean,test_w_min,test_w_max,test_ess_frac,stress_bias_0.0,stress_bias_1.0,stress_bias_2.0,stress_bias_3.0,stress_bias_4.0,corr_w_deg,corr_w_invdeg,corr_w_meandist,corr_w_invmeandist,feature_stability_cos
ModelNet40,train_aug,41,cap,0.0,3550.898588657379,0.6727642276422764,0.6345218800648298,4.2655487390396546e-05,1.0,0.8780872391116235,1.1086087880596038,0.998309358473747,0.6324959481361426,0.6227714748784441,0.5798217179902755,0.5012155591572123,0.4161264181523501,0.7596500359475613,-0.7781719718128443,-0.47496256093727424,0.4550602857285412,0.9900225934386253
