dataset,train_mode,seed,variant,lambda_ortho,time_sec,best_val_acc,test_acc,test_ortho_corr,test_w_mean,test_w_min,test_w_max,test_ess_frac,stress_bias_0.0,stress_bias_1.0,stress_bias_2.0,stress_bias_3.0,stress_bias_4.0,corr_w_deg,corr_w_invdeg,corr_w_meandist,corr_w_invmeandist,feature_stability_cos
ModelNet40,train_aug,43,umc,10.0,3587.281866788864,0.6961382113821138,0.6924635332252836,0.0003431728690855145,0.9999999992309078,0.6489226527752415,1.2282257918388613,0.9758509366743027,0.6944894651539708,0.696515397082658,0.6624797406807131,0.5810372771474879,0.4955429497568882,-0.01857094000788493,0.02755632470925775,0.38616381729370913,-0.4166777558913964,0.7446652325987816
