dataset,train_mode,seed,variant,lambda_ortho,time_sec,best_val_acc,test_acc,test_macc,test_ortho_corr,test_w_mean,test_w_min,test_w_max,test_ess_frac,stress_bias_0.0,stress_bias_1.0,stress_bias_2.0,stress_bias_3.0,stress_bias_4.0,corr_w_deg,corr_w_invdeg,corr_w_meandist,corr_w_invmeandist,feature_stability_cos
ModelNet40,train_aug,41,meandist,0.0,3694.0522167682648,0.6808943089430894,0.6713938411669368,0.580668568611145,0.0005408352933778998,0.9999999988463617,0.6415496333952873,1.8883613409534576,0.9591957257639977,0.6726094003241491,0.6580226904376013,0.6239870340356564,0.5478119935170178,0.47244732576985415,-0.2476191314170137,0.27730094063590516,1.0000000074505806,-0.9582312114536762,0.7230668988823891
