dataset,train_mode,seed,variant,lambda_ortho,time_sec,best_val_acc,test_acc,test_macc,test_ortho_corr,test_w_mean,test_w_min,test_w_max,test_ess_frac,stress_bias_0.0,stress_bias_1.0,stress_bias_2.0,stress_bias_3.0,stress_bias_4.0,corr_w_deg,corr_w_invdeg,corr_w_meandist,corr_w_invmeandist,feature_stability_cos
ModelNet40,train_aug,41,umc,10.0,3956.662104845047,0.7164634146341463,0.686385737439222,0.6060116291046143,0.00030041106313752434,0.9999999992309078,0.671458036668839,1.2403912736523537,0.9799837573882072,0.686385737439222,0.6831442463533225,0.6337115072933549,0.5729335494327391,0.5,-0.18357682170785666,0.196722462144362,0.5428665865225412,-0.5726915249530066,0.7418917832151055
