dataset,train_mode,seed,variant,lambda_ortho,time_sec,best_val_acc,test_acc,test_ortho_corr,test_w_mean,test_w_min,test_w_max,test_ess_frac,stress_bias_0.0,stress_bias_1.0,stress_bias_2.0,stress_bias_3.0,stress_bias_4.0,corr_w_deg,corr_w_invdeg,corr_w_meandist,corr_w_invmeandist,feature_stability_cos
ModelNet40,train_aug,43,invdeg,0.0,3547.9767162799835,0.6900406504065041,0.6726094003241491,0.00022096493029816737,0.9999999100162137,0.6325583638683442,1.1393154897997457,0.9857701701502646,0.679902755267423,0.6596434359805511,0.6094003241491086,0.5449756888168558,0.4493517017828201,-0.9854511842131615,1.0000000109896063,0.26910750413080675,-0.25650690631882755,0.7335430493205786
