dataset,train_mode,seed,variant,lambda_ortho,time_sec,best_val_acc,test_acc,test_macc,test_ortho_corr,test_w_mean,test_w_min,test_w_max,test_ess_frac,stress_bias_0.0,stress_bias_1.0,stress_bias_2.0,stress_bias_3.0,stress_bias_4.0,corr_w_deg,corr_w_invdeg,corr_w_meandist,corr_w_invmeandist,feature_stability_cos
ModelNet40,train_aug,43,meandist,0.0,4435.521861314774,0.6686991869918699,0.6596434359805511,0.5717209577560425,0.0005406554112391126,0.9999999988463617,0.6415785104997697,1.8815388341103831,0.9592396613090269,0.660453808752026,0.6458670988654781,0.6094003241491086,0.5235008103727715,0.4485413290113452,-0.24015036889177283,0.2703175741888117,1.0000000083819032,-0.9599582495167851,0.7188728865236044
