dataset,train_mode,seed,variant,lambda_ortho,time_sec,best_val_acc,test_acc,test_ortho_corr,test_w_mean,test_w_min,test_w_max,test_ess_frac,stress_bias_0.0,stress_bias_1.0,stress_bias_2.0,stress_bias_3.0,stress_bias_4.0,corr_w_deg,corr_w_invdeg,corr_w_meandist,corr_w_invmeandist,feature_stability_cos
ModelNet40,train_aug,42,deg,0.0,3589.2527556419373,0.6798780487804879,0.6705834683954619,6.186854876513465e-15,0.9999999984618156,0.8641773389231774,1.5665239241815383,0.9820608885057511,0.6543760129659644,0.6523500810372771,0.6162884927066451,0.5287682333873582,0.45502431118314424,1.0000002339482308,-0.9854090562090277,-0.24752913221600464,0.24012526837468612,0.7578342145681382
