dataset,train_mode,seed,variant,lambda_ortho,time_sec,best_val_acc,test_acc,test_ortho_corr,test_w_mean,test_w_min,test_w_max,test_ess_frac,stress_bias_0.0,stress_bias_1.0,stress_bias_2.0,stress_bias_3.0,stress_bias_4.0,corr_w_deg,corr_w_invdeg,corr_w_meandist,corr_w_invmeandist,feature_stability_cos
ModelNet40,train_aug,42,umc,10.0,3387.6074645519257,0.6910569105691057,0.6961102106969206,0.000346679778557436,0.9999999976927234,0.6615580945245682,1.2690269154887046,0.9761791260011734,0.6867909238249594,0.6847649918962723,0.6478930307941653,0.5826580226904376,0.5153970826580226,-0.21971032169381033,0.23352476698801183,0.49539514663483714,-0.5208164768642746,0.7480597787350416
