dataset,train_mode,seed,variant,lambda_ortho,time_sec,best_val_acc,test_acc,test_ortho_corr,test_w_mean,test_w_min,test_w_max,test_ess_frac,stress_bias_0.0,stress_bias_1.0,stress_bias_2.0,stress_bias_3.0,stress_bias_4.0,corr_w_deg,corr_w_invdeg,corr_w_meandist,corr_w_invmeandist,feature_stability_cos
ModelNet40,train_aug,41,umc,0.001,3588.081034898758,0.7144308943089431,0.7078606158833063,0.0004399291194614864,0.9999999996154539,0.6026252921550505,1.292701308957992,0.9692210243594261,0.696515397082658,0.6944894651539708,0.6482982171799028,0.5717179902755267,0.5048622366288493,-0.27839768363883194,0.2889125406247331,0.48004743427736685,-0.5043578113232797,0.7470371422916651
