dataset,train_mode,seed,variant,lambda_ortho,time_sec,best_val_acc,test_acc,test_ortho_corr,test_w_mean,test_w_min,test_w_max,test_ess_frac,stress_bias_0.0,stress_bias_1.0,stress_bias_2.0,stress_bias_3.0,stress_bias_4.0,corr_w_deg,corr_w_invdeg,corr_w_meandist,corr_w_invmeandist,feature_stability_cos
ModelNet40,train_aug,43,umc,0.001,3649.258232116699,0.698170731707317,0.6944894651539708,0.00036928882482536736,0.9999999984618156,0.6398917896132316,1.2702883174342494,0.9746759687700579,0.6936790923824959,0.6896272285251216,0.649513776337115,0.5863047001620746,0.5012155591572123,-0.23309933319615084,0.24557215776821978,0.5223246380801356,-0.5453835946969775,0.7372397036850452
