dataset,train_mode,seed,variant,lambda_ortho,time_sec,best_val_acc,test_acc,test_macc,test_ortho_corr,test_w_mean,test_w_min,test_w_max,test_ess_frac,stress_bias_0.0,stress_bias_1.0,stress_bias_2.0,stress_bias_3.0,stress_bias_4.0,corr_w_deg,corr_w_invdeg,corr_w_meandist,corr_w_invmeandist,feature_stability_cos
ModelNet40,train_aug,41,deg,0.0,4162.733258962631,0.6900406504065041,0.6641004862236629,0.5762732625007629,6.181196341218442e-15,0.9999999988463617,0.8641871290822183,1.5635637044906616,0.9821092736336493,0.6600486223662885,0.656807131280389,0.5996758508914101,0.5320097244732577,0.44773095623987036,1.0000002093613147,-0.9856099970638752,-0.2500861941894982,0.24212579803424888,0.7561245157197117
