dataset,train_mode,seed,variant,lambda_ortho,time_sec,best_val_acc,test_acc,test_macc,test_ortho_corr,test_w_mean,test_w_min,test_w_max,test_ess_frac,stress_bias_0.0,stress_bias_1.0,stress_bias_2.0,stress_bias_3.0,stress_bias_4.0,corr_w_deg,corr_w_invdeg,corr_w_meandist,corr_w_invmeandist,feature_stability_cos
ModelNet40,train_aug,41,umc,0.1,4511.839916706085,0.7134146341463414,0.6823338735818476,0.5994127988815308,0.0004131752343270026,0.9999999427026318,0.6211625131868547,1.3645512888508458,0.9715020556603708,0.6847649918962723,0.6880064829821718,0.6470826580226904,0.5611831442463533,0.46555915721231766,-0.3749845712271053,0.3942267224017996,0.6129623339220416,-0.6248557144659571,0.7273419247567654
