dataset,train_mode,seed,variant,lambda_ortho,time_sec,best_val_acc,test_acc,test_macc,test_ortho_corr,test_w_mean,test_w_min,test_w_max,test_ess_frac,stress_bias_0.0,stress_bias_1.0,stress_bias_2.0,stress_bias_3.0,stress_bias_4.0,corr_w_deg,corr_w_invdeg,corr_w_meandist,corr_w_invmeandist,feature_stability_cos
ModelNet40,train_aug,43,umc,0.0,4123.694330453873,0.698170731707317,0.6803079416531604,0.6103779077529907,0.00037400460151407205,0.9999999992309078,0.6448616366232595,1.3114117691593785,0.9746198896438845,0.68354943273906,0.6932739059967585,0.6450567260940032,0.5818476499189628,0.4947325769854133,-0.27914446926733943,0.29631350637573634,0.5738152995901146,-0.5849068084498867,0.7360758504271507
