dataset,train_mode,seed,variant,lambda_ortho,time_sec,best_val_acc,test_acc,test_macc,test_ortho_corr,test_w_mean,test_w_min,test_w_max,test_ess_frac,stress_bias_0.0,stress_bias_1.0,stress_bias_2.0,stress_bias_3.0,stress_bias_4.0,corr_w_deg,corr_w_invdeg,corr_w_meandist,corr_w_invmeandist,feature_stability_cos
ModelNet40,train_aug,42,umc,1.0,4371.760069608688,0.6880081300813008,0.6770664505672609,0.6076570153236389,0.00041673805282053147,0.999999995769993,0.6204560998947389,1.3643564347297914,0.9709756620468631,0.6709886547811994,0.6742301458670988,0.6377633711507293,0.5648298217179902,0.4866288492706645,-0.34232963672329786,0.3582998971083725,0.5923863062889723,-0.6093580997793652,0.7588218607753515
