dataset,train_mode,seed,variant,lambda_ortho,time_sec,best_val_acc,test_acc,test_macc,test_ortho_corr,test_w_mean,test_w_min,test_w_max,test_ess_frac,stress_bias_0.0,stress_bias_1.0,stress_bias_2.0,stress_bias_3.0,stress_bias_4.0,corr_w_deg,corr_w_invdeg,corr_w_meandist,corr_w_invmeandist,feature_stability_cos
ModelNet40,train_aug,43,deg,0.0,4293.170989274979,0.6758130081300813,0.6564019448946515,0.5828255414962769,6.2044282390141424e-15,0.9999999996154539,0.8637652127973495,1.567834618014674,0.9819630684391145,0.6564019448946515,0.6478930307941653,0.596839546191248,0.5158022690437601,0.4339546191247974,1.0000001940876246,-0.9856651831418276,-0.24535719599662115,0.23955227631959133,0.7511545294523239
