dataset,train_mode,seed,variant,lambda_ortho,time_sec,best_val_acc,test_acc,test_ortho_corr,test_w_mean,test_w_min,test_w_max,test_ess_frac,stress_bias_0.0,stress_bias_1.0,stress_bias_2.0,stress_bias_3.0,stress_bias_4.0,corr_w_deg,corr_w_invdeg,corr_w_meandist,corr_w_invmeandist,feature_stability_cos
ModelNet40,train_aug,41,invdeg,0.0,3520.1655724048615,0.6941056910569106,0.6681523500810372,0.00022202816917636103,0.9999999092471215,0.6330520172272959,1.1395385749878422,0.9857026007867629,0.663290113452188,0.660453808752026,0.6025121555915721,0.5239059967585089,0.45786061588330634,-0.9854463746771216,1.000000014528632,0.2770070410173503,-0.2675040423117025,0.7551197412610055
