dataset,train_mode,seed,variant,lambda_ortho,time_sec,best_val_acc,test_acc,test_macc,test_ortho_corr,test_w_mean,test_w_min,test_w_max,test_ess_frac,stress_bias_0.0,stress_bias_1.0,stress_bias_2.0,stress_bias_3.0,stress_bias_4.0,corr_w_deg,corr_w_invdeg,corr_w_meandist,corr_w_invmeandist,feature_stability_cos
ModelNet40,train_aug,43,umc,0.1,4451.595496892929,0.6971544715447154,0.6847649918962723,0.6046046018600464,0.0004042575295898132,0.9999999980772695,0.6271390976444368,1.3213620555016303,0.9720104536702556,0.6855753646677472,0.6766612641815235,0.6426256077795786,0.5903565640194489,0.49027552674230146,-0.32980206529900896,0.3439027553613414,0.5288876965540112,-0.5463600179638888,0.7379066780209541
