dataset,train_mode,seed,variant,lambda_ortho,time_sec,best_val_acc,test_acc,test_macc,test_ortho_corr,test_w_mean,test_w_min,test_w_max,test_ess_frac,stress_bias_0.0,stress_bias_1.0,stress_bias_2.0,stress_bias_3.0,stress_bias_4.0,corr_w_deg,corr_w_invdeg,corr_w_meandist,corr_w_invmeandist,feature_stability_cos
ModelNet40,train_aug,41,umc,0.0,4335.095469713211,0.7083333333333334,0.6859805510534847,0.6148256063461304,0.00042093537514090477,0.999999935780802,0.6189112957446806,1.3533694036545292,0.9709530176654939,0.6888168557536467,0.6888168557536467,0.6308752025931929,0.5607779578606159,0.47568881685575365,-0.39107378568005513,0.4096057729992026,0.5940144555506777,-0.6018616081782966,0.7392722957581281
