dataset,train_mode,seed,variant,lambda_ortho,time_sec,best_val_acc,test_acc,test_ortho_corr,test_w_mean,test_w_min,test_w_max,test_ess_frac,stress_bias_0.0,stress_bias_1.0,stress_bias_2.0,stress_bias_3.0,stress_bias_4.0,corr_w_deg,corr_w_invdeg,corr_w_meandist,corr_w_invmeandist,feature_stability_cos
ScanObjectNN,train_clean,43,invdeg,0.0,704.1813802719116,0.5367965367965368,0.5593803786574871,0.00020462823237254711,0.9999999001219466,0.6283137894965507,1.1318132007444226,0.986171165028134,0.5645438898450946,0.5593803786574871,0.4475043029259897,0.4268502581755594,0.3407917383820998,-0.9877156861126423,1.0000000189989806,0.1700901733654973,-0.15967850690594787,0.7613714227080345
