dataset,train_mode,seed,variant,lambda_ortho,time_sec,best_val_acc,test_acc,test_ortho_corr,test_w_mean,test_w_min,test_w_max,test_ess_frac,stress_bias_0.0,stress_bias_1.0,stress_bias_2.0,stress_bias_3.0,stress_bias_4.0,corr_w_deg,corr_w_invdeg,corr_w_meandist,corr_w_invmeandist,feature_stability_cos
ScanObjectNN,train_clean,42,invdeg,0.0,706.1372079849243,0.5670995670995671,0.5662650602409639,0.00020575426035950817,0.9999999081766283,0.6258878305151656,1.1321580184472573,0.9860311247207023,0.5611015490533563,0.5249569707401033,0.44922547332185886,0.3528399311531842,0.3080895008605852,-0.9877058183774352,1.0000000091269612,0.16821336180764773,-0.15881372493022355,0.7702143887430429
