dataset,train_mode,seed,variant,lambda_ortho,time_sec,best_val_acc,test_acc,test_ortho_corr,test_w_mean,test_w_min,test_w_max,test_ess_frac,stress_bias_0.0,stress_bias_1.0,stress_bias_2.0,stress_bias_3.0,stress_bias_4.0,corr_w_deg,corr_w_invdeg,corr_w_meandist,corr_w_invmeandist,feature_stability_cos
ScanObjectNN,train_clean,41,meandist,0.0,707.295079946518,0.5367965367965368,0.5180722891566265,0.00041244686282290195,1.0,0.6568915650651261,2.0749994806341223,0.9639983821559597,0.53184165232358,0.41308089500860584,0.31153184165232356,0.2633390705679862,0.23924268502581755,-0.13888076180037387,0.16843607256087126,1.0000000039115549,-0.9562340186908841,0.698018032386899
