dataset,train_mode,seed,variant,lambda_ortho,time_sec,best_val_acc,test_acc,test_ortho_corr,test_w_mean,test_w_min,test_w_max,test_ess_frac,stress_bias_0.0,stress_bias_1.0,stress_bias_2.0,stress_bias_3.0,stress_bias_4.0,corr_w_deg,corr_w_invdeg,corr_w_meandist,corr_w_invmeandist,feature_stability_cos
ScanObjectNN,train_clean,42,deg,0.0,819.0440192222595,0.5800865800865801,0.5714285714285714,6.076477567781369e-15,0.999999995167191,0.869440225330559,1.5840475591453347,0.9820899222348187,0.5834767641996558,0.5542168674698795,0.43717728055077454,0.3493975903614458,0.30120481927710846,1.0000002291053534,-0.987705591879785,-0.13796255958804976,0.13016708277755243,0.770840049162507
