dataset,train_mode,seed,variant,lambda_ortho,time_sec,best_val_acc,test_acc,test_ortho_corr,test_w_mean,test_w_min,test_w_max,test_ess_frac,stress_bias_0.0,stress_bias_1.0,stress_bias_2.0,stress_bias_3.0,stress_bias_4.0,corr_w_deg,corr_w_invdeg,corr_w_meandist,corr_w_invmeandist,feature_stability_cos
ScanObjectNN,train_clean,43,cap,0.0,729.7636466026306,0.5021645021645021,0.5542168674698795,3.809954344162818e-05,0.999999995167191,0.8496753219011668,1.1128897666931152,0.9979594430407962,0.5335628227194492,0.5060240963855421,0.41308089500860584,0.35456110154905335,0.2736660929432014,0.6610971745103598,-0.6795568093657494,-0.5379701470956206,0.545526697835885,0.9595587177574635
