dataset,train_mode,seed,variant,lambda_ortho,time_sec,best_val_acc,test_acc,test_ortho_corr,test_w_mean,test_w_min,test_w_max,test_ess_frac,stress_bias_0.0,stress_bias_1.0,stress_bias_2.0,stress_bias_3.0,stress_bias_4.0,corr_w_deg,corr_w_invdeg,corr_w_meandist,corr_w_invmeandist,feature_stability_cos
ScanObjectNN,train_clean,42,meandist,0.0,715.6908986568451,0.5367965367965368,0.5438898450946644,0.00041217897071603785,1.0,0.6574561241510752,2.0800424653130607,0.9641732219103221,0.5387263339070568,0.42857142857142855,0.2857142857142857,0.24784853700516352,0.22203098106712565,-0.13796259706505226,0.1682133651805998,1.0000000057742,-0.956915345042944,0.7112018379569054
