dataset,train_mode,seed,variant,lambda_ortho,time_sec,best_val_acc,test_acc,test_ortho_corr,test_w_mean,test_w_min,test_w_max,test_ess_frac,stress_bias_0.0,stress_bias_1.0,stress_bias_2.0,stress_bias_3.0,stress_bias_4.0,corr_w_deg,corr_w_invdeg,corr_w_meandist,corr_w_invmeandist,feature_stability_cos
ScanObjectNN,train_clean,41,umc,0.1,750.3607182502747,0.6017316017316018,0.6333907056798623,0.0009539717591266979,1.0,0.34595719745030273,1.598684236810014,0.9196643249408619,0.6196213425129088,0.5611015490533563,0.46815834767641995,0.40619621342512907,0.35456110154905335,0.043673168501823054,-0.06534188197510957,-0.46013396788985117,0.45309183660974667,0.7658941996097565
