dataset,train_mode,seed,variant,lambda_ortho,time_sec,best_val_acc,test_acc,test_ortho_corr,test_w_mean,test_w_min,test_w_max,test_ess_frac,stress_bias_0.0,stress_bias_1.0,stress_bias_2.0,stress_bias_3.0,stress_bias_4.0,corr_w_deg,corr_w_invdeg,corr_w_meandist,corr_w_invmeandist,feature_stability_cos
ScanObjectNN,train_clean,42,cap,0.0,754.6982872486115,0.5238095238095238,0.5456110154905336,3.559580914411895e-05,0.9999999967781273,0.8434751919797949,1.1215794924143199,0.9978606878100215,0.5421686746987951,0.5215146299483648,0.43029259896729777,0.342512908777969,0.28055077452667815,0.7314334744587541,-0.7482039976865054,-0.4532837035949342,0.44858398620272055,0.9618460515141487
