dataset,train_mode,seed,variant,lambda_ortho,time_sec,best_val_acc,test_acc,test_ortho_corr,test_w_mean,test_w_min,test_w_max,test_ess_frac,stress_bias_0.0,stress_bias_1.0,stress_bias_2.0,stress_bias_3.0,stress_bias_4.0,corr_w_deg,corr_w_invdeg,corr_w_meandist,corr_w_invmeandist,feature_stability_cos
ScanObjectNN,train_clean,41,invdeg,0.0,687.9207620620728,0.5800865800865801,0.5438898450946644,0.00020446083736543015,0.999999911398501,0.6288868994326204,1.1315026863201245,0.9861777940311948,0.5576592082616179,0.5025817555938038,0.4475043029259897,0.3476764199655766,0.31669535283993117,-0.9879938600584864,1.0000000022351743,0.16843607037735636,-0.15768903489085914,0.7668083435297013
