dataset,train_mode,seed,variant,lambda_ortho,time_sec,best_val_acc,test_acc,test_ortho_corr,test_w_mean,test_w_min,test_w_max,test_ess_frac,stress_bias_0.0,stress_bias_1.0,stress_bias_2.0,stress_bias_3.0,stress_bias_4.0,corr_w_deg,corr_w_invdeg,corr_w_meandist,corr_w_invmeandist,feature_stability_cos
ScanObjectNN,train_clean,41,deg,0.0,699.3713688850403,0.5800865800865801,0.5679862306368331,6.061900428365293e-15,1.0,0.8700986536773475,1.5758820836608474,0.982355269225868,0.5731497418244407,0.5283993115318416,0.4475043029259897,0.33218588640275387,0.31669535283993117,1.0000002343207597,-0.9879936538636684,-0.1388807335085403,0.12990482135610365,0.7716277853399515
