dataset,train_mode,seed,variant,lambda_ortho,time_sec,best_val_acc,test_acc,test_ortho_corr,test_w_mean,test_w_min,test_w_max,test_ess_frac,stress_bias_0.0,stress_bias_1.0,stress_bias_2.0,stress_bias_3.0,stress_bias_4.0,corr_w_deg,corr_w_invdeg,corr_w_meandist,corr_w_invmeandist,feature_stability_cos
ScanObjectNN,train_clean,43,umc,0.1,715.0884516239166,0.6320346320346321,0.6230636833046471,0.0010518622962204186,0.9999999935562546,0.33254625829490453,1.6643603266896427,0.9112653732299805,0.6368330464716007,0.5851979345955249,0.4836488812392427,0.43029259896729777,0.37865748709122204,0.06305586886628589,-0.08525478209458015,-0.4867331113142427,0.4880718944958062,0.7657999817281962
