dataset,train_mode,seed,variant,lambda_ortho,time_sec,best_val_acc,test_acc,test_ortho_corr,test_w_mean,test_w_min,test_w_max,test_ess_frac,stress_bias_0.0,stress_bias_1.0,stress_bias_2.0,stress_bias_3.0,stress_bias_4.0,corr_w_deg,corr_w_invdeg,corr_w_meandist,corr_w_invmeandist,feature_stability_cos
ScanObjectNN,train_clean,42,umc,0.1,727.12863945961,0.6060606060606061,0.6265060240963856,0.0006177859275438193,0.9999999967781273,0.3714533391836527,1.50560437344216,0.9439722541216258,0.6161790017211703,0.5662650602409639,0.4509466437177281,0.38209982788296043,0.3270223752151463,0.11806371677125753,-0.14333034420196783,-0.5695496819156688,0.5663001361186616,0.7719827352464199
