dataset,train_mode,seed,variant,lambda_ortho,time_sec,best_val_acc,test_acc,test_ortho_corr,test_w_mean,test_w_min,test_w_max,test_ess_frac,stress_bias_0.0,stress_bias_1.0,stress_bias_2.0,stress_bias_3.0,stress_bias_4.0,corr_w_deg,corr_w_invdeg,corr_w_meandist,corr_w_invmeandist,feature_stability_cos
ScanObjectNN,train_clean,43,meandist,0.0,665.0303540229797,0.5064935064935064,0.5180722891566265,0.0004189381662227616,1.0,0.6587262556359574,2.076357706173046,0.9636324193026569,0.5370051635111877,0.46987951807228917,0.33218588640275387,0.25817555938037867,0.22203098106712565,-0.14021389082845417,0.17009017727687023,1.0000000024214386,-0.9564264552667737,0.6992927309125662
