dataset,train_mode,seed,variant,lambda_ortho,time_sec,best_val_acc,test_acc,test_ortho_corr,test_w_mean,test_w_min,test_w_max,test_ess_frac,stress_bias_0.0,stress_bias_1.0,stress_bias_2.0,stress_bias_3.0,stress_bias_4.0,corr_w_deg,corr_w_invdeg,corr_w_meandist,corr_w_invmeandist,feature_stability_cos
ScanObjectNN,train_clean,43,deg,0.0,686.6302564144135,0.5584415584415584,0.5611015490533563,6.046139789333253e-15,1.0,0.869877008167473,1.5769379106727806,0.9823647479753237,0.5438898450946644,0.5524956970740104,0.46815834767641995,0.41824440619621345,0.3287435456110155,1.000000213831663,-0.98771548345685,-0.1402138620527694,0.1318673457728437,0.7629859095811844
