dataset,train_mode,seed,variant,lambda_ortho,time_sec,best_val_acc,test_acc,test_ortho_corr,test_w_mean,test_w_min,test_w_max,test_ess_frac,stress_bias_0.0,stress_bias_1.0,stress_bias_2.0,stress_bias_3.0,stress_bias_4.0,corr_w_deg,corr_w_invdeg,corr_w_meandist,corr_w_invmeandist,feature_stability_cos
ScanObjectNN,train_clean,41,cap,0.0,810.4557874202728,0.5324675324675324,0.5473321858864028,3.898182606192406e-05,0.9999999983890636,0.8709533375662726,1.1017503802840773,0.9984403929194888,0.5542168674698795,0.53184165232358,0.4268502581755594,0.387263339070568,0.31497418244406195,0.6728706350550056,-0.687828628346324,-0.4820382176902058,0.4833557376987301,0.9591116455197334
